360100000000,南昌市,360101000000,市辖区,,
360100000000,南昌市,360102000000,东湖区,360102001000,公园街道办事处
360100000000,南昌市,360102000000,东湖区,360102002000,滕王阁街道办事处
360100000000,南昌市,360102000000,东湖区,360102003000,八一桥街道办事处
360100000000,南昌市,360102000000,东湖区,360102004000,百花洲街道办事处
360100000000,南昌市,360102000000,东湖区,360102005000,墩子塘街道办事处
360100000000,南昌市,360102000000,东湖区,360102006000,大院街道办事处
360100000000,南昌市,360102000000,东湖区,360102007000,豫章街道办事处
360100000000,南昌市,360102000000,东湖区,360102008000,董家窑街道办事处
360100000000,南昌市,360102000000,东湖区,360102009000,彭家桥街道办事处
360100000000,南昌市,360102000000,东湖区,360102050000,沙井街道办事处（红谷滩新区）
360100000000,南昌市,360102000000,东湖区,360102100000,扬子洲镇
360100000000,南昌市,360103000000,西湖区,360103001000,南浦街道办事处
360100000000,南昌市,360103000000,西湖区,360103002000,朝阳洲街道办事处
360100000000,南昌市,360103000000,西湖区,360103004000,广润门街道办事处
360100000000,南昌市,360103000000,西湖区,360103005000,西湖街道办事处
360100000000,南昌市,360103000000,西湖区,360103006000,系马桩街道办事处
360100000000,南昌市,360103000000,西湖区,360103007000,绳金塔街道办事处
360100000000,南昌市,360103000000,西湖区,360103009000,丁公路街道办事处
360100000000,南昌市,360103000000,西湖区,360103010000,南站街道办事处
360100000000,南昌市,360103000000,西湖区,360103011000,桃源街道办事处
360100000000,南昌市,360103000000,西湖区,360103012000,十字街街道办事处
360100000000,南昌市,360103000000,西湖区,360103101000,桃花镇
360100000000,南昌市,360104000000,青云谱区,360104002000,洪都街道办事处
360100000000,南昌市,360104000000,青云谱区,360104006000,京山街道办事处
360100000000,南昌市,360104000000,青云谱区,360104007000,三家店街道办事处
360100000000,南昌市,360104000000,青云谱区,360104008000,岱山街道办事处
360100000000,南昌市,360104000000,青云谱区,360104009000,徐家坊街道办事处
360100000000,南昌市,360104000000,青云谱区,360104100000,青云谱镇
360100000000,南昌市,360105000000,湾里区,360105001000,站前街道办事处
360100000000,南昌市,360105000000,湾里区,360105002000,幸福街道办事处
360100000000,南昌市,360105000000,湾里区,360105100000,招贤镇
360100000000,南昌市,360105000000,湾里区,360105101000,梅岭镇
360100000000,南昌市,360105000000,湾里区,360105102000,罗亭镇
360100000000,南昌市,360105000000,湾里区,360105103000,太平镇
360100000000,南昌市,360111000000,青山湖区,360111001000,青山路街道办事处
360100000000,南昌市,360111000000,青山湖区,360111003000,上海路街道办事处
360100000000,南昌市,360111000000,青山湖区,360111004000,南钢街道办事处
360100000000,南昌市,360111000000,青山湖区,360111100000,京东镇
360100000000,南昌市,360111000000,青山湖区,360111103000,罗家镇
360100000000,南昌市,360111000000,青山湖区,360111104000,湖坊镇
360100000000,南昌市,360111000000,青山湖区,360111105000,塘山镇
360100000000,南昌市,360111000000,青山湖区,360111180000,蛟桥镇（南昌经济技术开发区）
360100000000,南昌市,360112000000,新建区,360112100000,长堎镇
360100000000,南昌市,360112000000,新建区,360112101000,望城镇
360100000000,南昌市,360112000000,新建区,360112102000,生米镇（红谷滩新区）
360100000000,南昌市,360112000000,新建区,360112103000,西山镇
360100000000,南昌市,360112000000,新建区,360112104000,石岗镇
360100000000,南昌市,360112000000,新建区,360112105000,松湖镇
360100000000,南昌市,360112000000,新建区,360112106000,樵舍镇
360100000000,南昌市,360112000000,新建区,360112107000,乐化镇
360100000000,南昌市,360112000000,新建区,360112108000,溪霞镇
360100000000,南昌市,360112000000,新建区,360112109000,象山镇
360100000000,南昌市,360112000000,新建区,360112110000,石埠镇
360100000000,南昌市,360112000000,新建区,360112111000,联圩镇
360100000000,南昌市,360112000000,新建区,360112112000,流湖镇
360100000000,南昌市,360112000000,新建区,360112202000,厚田乡
360100000000,南昌市,360112000000,新建区,360112204000,金桥乡
360100000000,南昌市,360112000000,新建区,360112205000,铁河乡
360100000000,南昌市,360112000000,新建区,360112206000,大塘坪乡
360100000000,南昌市,360112000000,新建区,360112207000,昌邑乡
360100000000,南昌市,360112000000,新建区,360112208000,南矶乡
360100000000,南昌市,360121000000,南昌县,360121100000,莲塘镇
360100000000,南昌市,360121000000,南昌县,360121101000,向塘镇
360100000000,南昌市,360121000000,南昌县,360121102000,三江镇
360100000000,南昌市,360121000000,南昌县,360121103000,塘南镇
360100000000,南昌市,360121000000,南昌县,360121104000,幽兰镇
360100000000,南昌市,360121000000,南昌县,360121105000,蒋巷镇
360100000000,南昌市,360121000000,南昌县,360121106000,武阳镇
360100000000,南昌市,360121000000,南昌县,360121107000,冈上镇
360100000000,南昌市,360121000000,南昌县,360121108000,广福镇
360100000000,南昌市,360121000000,南昌县,360121191000,昌东镇（南昌高新开发区）
360100000000,南昌市,360121000000,南昌县,360121192000,麻丘镇（南昌高新开发区）
360100000000,南昌市,360121000000,南昌县,360121200000,泾口乡
360100000000,南昌市,360121000000,南昌县,360121201000,南新乡
360100000000,南昌市,360121000000,南昌县,360121202000,塔城乡
360100000000,南昌市,360121000000,南昌县,360121203000,黄马乡
360100000000,南昌市,360121000000,南昌县,360121204000,富山乡
360100000000,南昌市,360121000000,南昌县,360121205000,东新乡
360100000000,南昌市,360121000000,南昌县,360121206000,八一乡
360100000000,南昌市,360123000000,安义县,360123100000,龙津镇
360100000000,南昌市,360123000000,安义县,360123101000,万埠镇
360100000000,南昌市,360123000000,安义县,360123102000,石鼻镇
360100000000,南昌市,360123000000,安义县,360123103000,鼎湖镇
360100000000,南昌市,360123000000,安义县,360123104000,长埠镇
360100000000,南昌市,360123000000,安义县,360123105000,东阳镇
360100000000,南昌市,360123000000,安义县,360123106000,黄洲镇
360100000000,南昌市,360123000000,安义县,360123200000,乔乐乡
360100000000,南昌市,360123000000,安义县,360123201000,长均乡
360100000000,南昌市,360123000000,安义县,360123202000,新民乡
360100000000,南昌市,360124000000,进贤县,360124100000,民和镇
360100000000,南昌市,360124000000,进贤县,360124101000,李渡镇
360100000000,南昌市,360124000000,进贤县,360124102000,温圳镇
360100000000,南昌市,360124000000,进贤县,360124103000,文港镇
360100000000,南昌市,360124000000,进贤县,360124104000,梅庄镇
360100000000,南昌市,360124000000,进贤县,360124105000,张公镇
360100000000,南昌市,360124000000,进贤县,360124106000,罗溪镇
360100000000,南昌市,360124000000,进贤县,360124107000,架桥镇
360100000000,南昌市,360124000000,进贤县,360124108000,前坊镇
360100000000,南昌市,360124000000,进贤县,360124200000,三里乡
360100000000,南昌市,360124000000,进贤县,360124201000,二塘乡
360100000000,南昌市,360124000000,进贤县,360124202000,钟陵乡
360100000000,南昌市,360124000000,进贤县,360124203000,池溪乡
360100000000,南昌市,360124000000,进贤县,360124204000,南台乡
360100000000,南昌市,360124000000,进贤县,360124205000,三阳集乡
360100000000,南昌市,360124000000,进贤县,360124206000,七里乡
360100000000,南昌市,360124000000,进贤县,360124207000,下埠集乡
360100000000,南昌市,360124000000,进贤县,360124208000,衙前乡
360100000000,南昌市,360124000000,进贤县,360124209000,白圩乡
360100000000,南昌市,360124000000,进贤县,360124210000,长山晏乡
360100000000,南昌市,360124000000,进贤县,360124211000,泉岭乡
360200000000,景德镇市,360201000000,市辖区,,
360200000000,景德镇市,360202000000,昌江区,360202001000,西郊街道
360200000000,景德镇市,360202000000,昌江区,360202002000,新枫街道
360200000000,景德镇市,360202000000,昌江区,360202101000,鲇鱼山镇
360200000000,景德镇市,360202000000,昌江区,360202102000,丽阳镇
360200000000,景德镇市,360202000000,昌江区,360202202000,荷塘乡
360200000000,景德镇市,360202000000,昌江区,360202290000,吕蒙乡
360200000000,景德镇市,360203000000,珠山区,360203001000,石狮埠街道办事处
360200000000,景德镇市,360203000000,珠山区,360203002000,新厂街道办事处
360200000000,景德镇市,360203000000,珠山区,360203003000,里村街道办事处
360200000000,景德镇市,360203000000,珠山区,360203004000,周路口街道办事处
360200000000,景德镇市,360203000000,珠山区,360203005000,昌江街道办事处
360200000000,景德镇市,360203000000,珠山区,360203006000,新村街道办事处
360200000000,景德镇市,360203000000,珠山区,360203007000,珠山街道办事处
360200000000,景德镇市,360203000000,珠山区,360203008000,太白园街道办事处
360200000000,景德镇市,360203000000,珠山区,360203009000,昌河街道办事处
360200000000,景德镇市,360203000000,珠山区,360203100000,竟成镇
360200000000,景德镇市,360222000000,浮梁县,360222100000,浮梁镇
360200000000,景德镇市,360222000000,浮梁县,360222101000,鹅湖镇
360200000000,景德镇市,360222000000,浮梁县,360222102000,经公桥镇
360200000000,景德镇市,360222000000,浮梁县,360222103000,蛟潭镇
360200000000,景德镇市,360222000000,浮梁县,360222104000,湘湖镇
360200000000,景德镇市,360222000000,浮梁县,360222105000,瑶里镇
360200000000,景德镇市,360222000000,浮梁县,360222106000,洪源镇
360200000000,景德镇市,360222000000,浮梁县,360222107000,寿安镇
360200000000,景德镇市,360222000000,浮梁县,360222108000,三龙镇
360200000000,景德镇市,360222000000,浮梁县,360222109000,峙滩镇
360200000000,景德镇市,360222000000,浮梁县,360222200000,王港乡
360200000000,景德镇市,360222000000,浮梁县,360222201000,庄湾乡
360200000000,景德镇市,360222000000,浮梁县,360222203000,黄坛乡
360200000000,景德镇市,360222000000,浮梁县,360222204000,兴田乡
360200000000,景德镇市,360222000000,浮梁县,360222205000,江村乡
360200000000,景德镇市,360222000000,浮梁县,360222207000,勒功乡
360200000000,景德镇市,360222000000,浮梁县,360222208000,西湖乡
360200000000,景德镇市,360222000000,浮梁县,360222209000,罗家桥乡
360200000000,景德镇市,360281000000,乐平市,360281001000,洎阳街道办事处
360200000000,景德镇市,360281000000,乐平市,360281002000,塔山街道办事处
360200000000,景德镇市,360281000000,乐平市,360281100000,镇桥镇
360200000000,景德镇市,360281000000,乐平市,360281101000,乐港镇
360200000000,景德镇市,360281000000,乐平市,360281102000,涌山镇
360200000000,景德镇市,360281000000,乐平市,360281103000,众埠镇
360200000000,景德镇市,360281000000,乐平市,360281104000,接渡镇
360200000000,景德镇市,360281000000,乐平市,360281105000,洪岩镇
360200000000,景德镇市,360281000000,乐平市,360281106000,礼林镇
360200000000,景德镇市,360281000000,乐平市,360281107000,后港镇
360200000000,景德镇市,360281000000,乐平市,360281108000,塔前镇
360200000000,景德镇市,360281000000,乐平市,360281109000,双田镇
360200000000,景德镇市,360281000000,乐平市,360281110000,临港镇
360200000000,景德镇市,360281000000,乐平市,360281111000,高家镇
360200000000,景德镇市,360281000000,乐平市,360281112000,名口镇
360200000000,景德镇市,360281000000,乐平市,360281113000,浯口镇
360200000000,景德镇市,360281000000,乐平市,360281114000,十里岗镇
360200000000,景德镇市,360281000000,乐平市,360281200000,鸬鹚乡
360300000000,萍乡市,360301000000,市辖区,,
360300000000,萍乡市,360302000000,安源区,360302001000,东大街街道办事处
360300000000,萍乡市,360302000000,安源区,360302002000,凤凰街街道办事处
360300000000,萍乡市,360302000000,安源区,360302003000,八一街街道办事处
360300000000,萍乡市,360302000000,安源区,360302004000,后埠街街道办事处
360300000000,萍乡市,360302000000,安源区,360302005000,丹江街街道办事处
360300000000,萍乡市,360302000000,安源区,360302006000,白源街街道办事处
360300000000,萍乡市,360302000000,安源区,360302100000,安源镇
360300000000,萍乡市,360302000000,安源区,360302101000,高坑镇
360300000000,萍乡市,360302000000,安源区,360302102000,五陂镇
360300000000,萍乡市,360302000000,安源区,360302103000,青山镇
360300000000,萍乡市,360313000000,湘东区,360313001000,峡山口街道办事处
360300000000,萍乡市,360313000000,湘东区,360313101000,湘东镇
360300000000,萍乡市,360313000000,湘东区,360313102000,荷尧镇
360300000000,萍乡市,360313000000,湘东区,360313103000,老关镇
360300000000,萍乡市,360313000000,湘东区,360313104000,腊市镇
360300000000,萍乡市,360313000000,湘东区,360313105000,下埠镇
360300000000,萍乡市,360313000000,湘东区,360313106000,排上镇
360300000000,萍乡市,360313000000,湘东区,360313107000,东桥镇
360300000000,萍乡市,360313000000,湘东区,360313108000,麻山镇
360300000000,萍乡市,360313000000,湘东区,360313200000,广寒寨乡
360300000000,萍乡市,360313000000,湘东区,360313201000,白竺乡
360300000000,萍乡市,360321000000,莲花县,360321101000,琴亭镇
360300000000,萍乡市,360321000000,莲花县,360321102000,路口镇
360300000000,萍乡市,360321000000,莲花县,360321103000,良坊镇
360300000000,萍乡市,360321000000,莲花县,360321104000,升坊镇
360300000000,萍乡市,360321000000,莲花县,360321105000,坊楼镇
360300000000,萍乡市,360321000000,莲花县,360321200000,闪石乡
360300000000,萍乡市,360321000000,莲花县,360321201000,湖上乡
360300000000,萍乡市,360321000000,莲花县,360321202000,三板桥乡
360300000000,萍乡市,360321000000,莲花县,360321203000,神泉乡
360300000000,萍乡市,360321000000,莲花县,360321204000,六市乡
360300000000,萍乡市,360321000000,莲花县,360321205000,高洲乡
360300000000,萍乡市,360321000000,莲花县,360321206000,荷塘乡
360300000000,萍乡市,360321000000,莲花县,360321207000,南岭乡
360300000000,萍乡市,360322000000,上栗县,360322101000,上栗镇
360300000000,萍乡市,360322000000,上栗县,360322102000,桐木镇
360300000000,萍乡市,360322000000,上栗县,360322103000,金山镇
360300000000,萍乡市,360322000000,上栗县,360322104000,福田镇
360300000000,萍乡市,360322000000,上栗县,360322105000,彭高镇
360300000000,萍乡市,360322000000,上栗县,360322106000,赤山镇
360300000000,萍乡市,360322000000,上栗县,360322200000,鸡冠山乡
360300000000,萍乡市,360322000000,上栗县,360322201000,长平乡
360300000000,萍乡市,360322000000,上栗县,360322202000,东源乡
360300000000,萍乡市,360322000000,上栗县,360322203000,杨岐乡
360300000000,萍乡市,360323000000,芦溪县,360323101000,芦溪镇
360300000000,萍乡市,360323000000,芦溪县,360323102000,宣风镇
360300000000,萍乡市,360323000000,芦溪县,360323103000,上埠镇
360300000000,萍乡市,360323000000,芦溪县,360323104000,南坑镇
360300000000,萍乡市,360323000000,芦溪县,360323105000,银河镇
360300000000,萍乡市,360323000000,芦溪县,360323200000,源南乡
360300000000,萍乡市,360323000000,芦溪县,360323201000,长丰乡
360300000000,萍乡市,360323000000,芦溪县,360323202000,张佳坊乡
360300000000,萍乡市,360323000000,芦溪县,360323203000,新泉乡
360300000000,萍乡市,360323000000,芦溪县,360323204000,万龙山乡
360400000000,九江市,360401000000,市辖区,,
360400000000,九江市,360402000000,庐山区,360402001000,十里街道办事处
360400000000,九江市,360402000000,庐山区,360402002000,五里街道办事处
360400000000,九江市,360402000000,庐山区,360402090000,七里湖街道办事处（九江经济技术开发区）
360400000000,九江市,360402000000,庐山区,360402100000,姑塘镇
360400000000,九江市,360402000000,庐山区,360402101000,威家镇
360400000000,九江市,360402000000,庐山区,360402102000,新港镇
360400000000,九江市,360402000000,庐山区,360402103000,莲花镇
360400000000,九江市,360402000000,庐山区,360402104000,海会镇
360400000000,九江市,360402000000,庐山区,360402105000,赛阳镇
360400000000,九江市,360402000000,庐山区,360402176000,牯岭镇
360400000000,九江市,360402000000,庐山区,360402200000,虞家河乡
360400000000,九江市,360403000000,浔阳区,360403001000,甘棠街道
360400000000,九江市,360403000000,浔阳区,360403002000,湓浦街道
360400000000,九江市,360403000000,浔阳区,360403003000,人民路街道
360400000000,九江市,360403000000,浔阳区,360403004000,白水湖街道
360400000000,九江市,360403000000,浔阳区,360403005000,金鸡坡街道
360400000000,九江市,360403000000,浔阳区,360403091000,向阳街道办事处（九江经济技术开发区）
360400000000,九江市,360403000000,浔阳区,360403092000,滨兴街道办事处（九江经济技术开发区）
360400000000,九江市,360421000000,九江县,360421100000,沙河街镇
360400000000,九江市,360421000000,九江县,360421101000,马回岭镇
360400000000,九江市,360421000000,九江县,360421102000,江洲镇
360400000000,九江市,360421000000,九江县,360421103000,城子镇
360400000000,九江市,360421000000,九江县,360421104000,港口街镇
360400000000,九江市,360421000000,九江县,360421105000,新合镇
360400000000,九江市,360421000000,九江县,360421106000,狮子镇
360400000000,九江市,360421000000,九江县,360421200000,永安乡
360400000000,九江市,360421000000,九江县,360421201000,涌泉乡
360400000000,九江市,360421000000,九江县,360421202000,新塘乡
360400000000,九江市,360421000000,九江县,360421203000,城门乡
360400000000,九江市,360421000000,九江县,360421204000,岷山乡
360400000000,九江市,360423000000,武宁县,360423001000,豫宁街道办事处
360400000000,九江市,360423000000,武宁县,360423100000,新宁镇
360400000000,九江市,360423000000,武宁县,360423101000,泉口镇
360400000000,九江市,360423000000,武宁县,360423102000,鲁溪镇
360400000000,九江市,360423000000,武宁县,360423103000,船滩镇
360400000000,九江市,360423000000,武宁县,360423104000,澧溪镇
360400000000,九江市,360423000000,武宁县,360423105000,罗坪镇
360400000000,九江市,360423000000,武宁县,360423106000,石门楼镇
360400000000,九江市,360423000000,武宁县,360423107000,宋溪镇
360400000000,九江市,360423000000,武宁县,360423200000,大洞乡
360400000000,九江市,360423000000,武宁县,360423201000,横路乡
360400000000,九江市,360423000000,武宁县,360423202000,官莲乡
360400000000,九江市,360423000000,武宁县,360423203000,巾口乡
360400000000,九江市,360423000000,武宁县,360423204000,东林乡
360400000000,九江市,360423000000,武宁县,360423205000,上汤乡
360400000000,九江市,360423000000,武宁县,360423206000,甫田乡
360400000000,九江市,360423000000,武宁县,360423207000,清江乡
360400000000,九江市,360423000000,武宁县,360423208000,石渡乡
360400000000,九江市,360423000000,武宁县,360423209000,杨洲乡
360400000000,九江市,360423000000,武宁县,360423210000,罗溪乡
360400000000,九江市,360424000000,修水县,360424100000,义宁镇
360400000000,九江市,360424000000,修水县,360424101000,白岭镇
360400000000,九江市,360424000000,修水县,360424102000,全丰镇
360400000000,九江市,360424000000,修水县,360424103000,古市镇
360400000000,九江市,360424000000,修水县,360424104000,大桥镇
360400000000,九江市,360424000000,修水县,360424105000,渣津镇
360400000000,九江市,360424000000,修水县,360424106000,马坳镇
360400000000,九江市,360424000000,修水县,360424107000,杭口镇
360400000000,九江市,360424000000,修水县,360424108000,港口镇
360400000000,九江市,360424000000,修水县,360424109000,溪口镇
360400000000,九江市,360424000000,修水县,360424110000,西港镇
360400000000,九江市,360424000000,修水县,360424111000,山口镇
360400000000,九江市,360424000000,修水县,360424112000,黄沙镇
360400000000,九江市,360424000000,修水县,360424113000,黄港镇
360400000000,九江市,360424000000,修水县,360424114000,何市镇
360400000000,九江市,360424000000,修水县,360424115000,上奉镇
360400000000,九江市,360424000000,修水县,360424116000,四都镇
360400000000,九江市,360424000000,修水县,360424117000,太阳升镇
360400000000,九江市,360424000000,修水县,360424118000,宁州镇
360400000000,九江市,360424000000,修水县,360424200000,路口乡
360400000000,九江市,360424000000,修水县,360424201000,黄龙乡
360400000000,九江市,360424000000,修水县,360424202000,上衫乡
360400000000,九江市,360424000000,修水县,360424203000,余段乡
360400000000,九江市,360424000000,修水县,360424204000,水源乡
360400000000,九江市,360424000000,修水县,360424205000,石坳乡
360400000000,九江市,360424000000,修水县,360424206000,东港乡
360400000000,九江市,360424000000,修水县,360424207000,上杭乡
360400000000,九江市,360424000000,修水县,360424209000,新湾乡
360400000000,九江市,360424000000,修水县,360424210000,布甲乡
360400000000,九江市,360424000000,修水县,360424211000,漫江乡
360400000000,九江市,360424000000,修水县,360424212000,复原乡
360400000000,九江市,360424000000,修水县,360424213000,竹坪乡
360400000000,九江市,360424000000,修水县,360424214000,征村乡
360400000000,九江市,360424000000,修水县,360424215000,庙岭乡
360400000000,九江市,360424000000,修水县,360424216000,黄坳乡
360400000000,九江市,360424000000,修水县,360424217000,大椿乡
360400000000,九江市,360425000000,永修县,360425100000,涂埠镇
360400000000,九江市,360425000000,永修县,360425101000,吴城镇
360400000000,九江市,360425000000,永修县,360425102000,三溪桥镇
360400000000,九江市,360425000000,永修县,360425103000,虬津镇
360400000000,九江市,360425000000,永修县,360425104000,艾城镇
360400000000,九江市,360425000000,永修县,360425105000,滩溪镇
360400000000,九江市,360425000000,永修县,360425106000,白槎镇
360400000000,九江市,360425000000,永修县,360425107000,梅棠镇
360400000000,九江市,360425000000,永修县,360425108000,燕坊镇
360400000000,九江市,360425000000,永修县,360425109000,马口镇
360400000000,九江市,360425000000,永修县,360425110000,柘林镇
360400000000,九江市,360425000000,永修县,360425200000,三角乡
360400000000,九江市,360425000000,永修县,360425201000,九合乡
360400000000,九江市,360425000000,永修县,360425202000,立新乡
360400000000,九江市,360425000000,永修县,360425203000,江上乡
360400000000,九江市,360426000000,德安县,360426100000,蒲亭镇
360400000000,九江市,360426000000,德安县,360426101000,聂桥镇
360400000000,九江市,360426000000,德安县,360426102000,车桥镇
360400000000,九江市,360426000000,德安县,360426103000,丰林镇
360400000000,九江市,360426000000,德安县,360426104000,吴山镇
360400000000,九江市,360426000000,德安县,360426200000,宝塔乡
360400000000,九江市,360426000000,德安县,360426201000,河东乡
360400000000,九江市,360426000000,德安县,360426202000,高塘乡
360400000000,九江市,360426000000,德安县,360426203000,林泉乡
360400000000,九江市,360426000000,德安县,360426205000,磨溪乡
360400000000,九江市,360426000000,德安县,360426206000,爱民乡
360400000000,九江市,360426000000,德安县,360426207000,邹桥乡
360400000000,九江市,360426000000,德安县,360426208000,塘山乡
360400000000,九江市,360427000000,星子县,360427100000,南康镇
360400000000,九江市,360427000000,星子县,360427101000,白鹿镇
360400000000,九江市,360427000000,星子县,360427102000,温泉镇
360400000000,九江市,360427000000,星子县,360427103000,蓼花镇
360400000000,九江市,360427000000,星子县,360427104000,华林镇
360400000000,九江市,360427000000,星子县,360427105000,蛟塘镇
360400000000,九江市,360427000000,星子县,360427106000,横塘镇
360400000000,九江市,360427000000,星子县,360427200000,蓼南乡
360400000000,九江市,360428000000,都昌县,360428100000,都昌镇
360400000000,九江市,360428000000,都昌县,360428101000,周溪镇
360400000000,九江市,360428000000,都昌县,360428102000,三汊港镇
360400000000,九江市,360428000000,都昌县,360428103000,中馆镇
360400000000,九江市,360428000000,都昌县,360428104000,大沙镇
360400000000,九江市,360428000000,都昌县,360428105000,万户镇
360400000000,九江市,360428000000,都昌县,360428106000,南峰镇
360400000000,九江市,360428000000,都昌县,360428107000,土塘镇
360400000000,九江市,360428000000,都昌县,360428108000,大港镇
360400000000,九江市,360428000000,都昌县,360428109000,蔡岭镇
360400000000,九江市,360428000000,都昌县,360428110000,徐埠镇
360400000000,九江市,360428000000,都昌县,360428111000,左里镇
360400000000,九江市,360428000000,都昌县,360428200000,和合乡
360400000000,九江市,360428000000,都昌县,360428201000,阳峰乡
360400000000,九江市,360428000000,都昌县,360428202000,西源乡
360400000000,九江市,360428000000,都昌县,360428203000,芗溪乡
360400000000,九江市,360428000000,都昌县,360428204000,狮山乡
360400000000,九江市,360428000000,都昌县,360428205000,鸣山乡
360400000000,九江市,360428000000,都昌县,360428206000,春桥乡
360400000000,九江市,360428000000,都昌县,360428207000,苏山乡
360400000000,九江市,360428000000,都昌县,360428208000,多宝乡
360400000000,九江市,360428000000,都昌县,360428209000,汪墩乡
360400000000,九江市,360428000000,都昌县,360428210000,北山乡
360400000000,九江市,360428000000,都昌县,360428211000,大树乡
360400000000,九江市,360429000000,湖口县,360429100000,双钟镇
360400000000,九江市,360429000000,湖口县,360429101000,流泗镇
360400000000,九江市,360429000000,湖口县,360429102000,马影镇
360400000000,九江市,360429000000,湖口县,360429103000,武山镇
360400000000,九江市,360429000000,湖口县,360429104000,城山镇
360400000000,九江市,360429000000,湖口县,360429105000,均桥镇
360400000000,九江市,360429000000,湖口县,360429200000,大垅乡
360400000000,九江市,360429000000,湖口县,360429201000,凰村乡
360400000000,九江市,360429000000,湖口县,360429202000,张青乡
360400000000,九江市,360429000000,湖口县,360429204000,付垅乡
360400000000,九江市,360429000000,湖口县,360429205000,舜德乡
360400000000,九江市,360429000000,湖口县,360429206000,流芳乡
360400000000,九江市,360430000000,彭泽县,360430100000,龙城镇
360400000000,九江市,360430000000,彭泽县,360430101000,棉船镇
360400000000,九江市,360430000000,彭泽县,360430102000,马垱镇
360400000000,九江市,360430000000,彭泽县,360430103000,芙蓉墩镇
360400000000,九江市,360430000000,彭泽县,360430104000,定山镇
360400000000,九江市,360430000000,彭泽县,360430105000,天红镇
360400000000,九江市,360430000000,彭泽县,360430106000,杨梓镇
360400000000,九江市,360430000000,彭泽县,360430107000,东升镇
360400000000,九江市,360430000000,彭泽县,360430108000,瀼溪镇
360400000000,九江市,360430000000,彭泽县,360430109000,黄花镇
360400000000,九江市,360430000000,彭泽县,360430200000,太平关乡
360400000000,九江市,360430000000,彭泽县,360430201000,黄岭乡
360400000000,九江市,360430000000,彭泽县,360430202000,浩山乡
360400000000,九江市,360481000000,瑞昌市,360481001000,湓城街道办事处
360400000000,九江市,360481000000,瑞昌市,360481002000,桂林街道办事处
360400000000,九江市,360481000000,瑞昌市,360481100000,码头镇
360400000000,九江市,360481000000,瑞昌市,360481101000,白杨镇
360400000000,九江市,360481000000,瑞昌市,360481102000,南义镇
360400000000,九江市,360481000000,瑞昌市,360481103000,横港镇
360400000000,九江市,360481000000,瑞昌市,360481104000,范镇
360400000000,九江市,360481000000,瑞昌市,360481105000,肇陈镇
360400000000,九江市,360481000000,瑞昌市,360481106000,高丰镇
360400000000,九江市,360481000000,瑞昌市,360481107000,夏畈镇
360400000000,九江市,360481000000,瑞昌市,360481200000,乐园乡
360400000000,九江市,360481000000,瑞昌市,360481201000,洪一乡
360400000000,九江市,360481000000,瑞昌市,360481202000,花园乡
360400000000,九江市,360481000000,瑞昌市,360481203000,洪下乡
360400000000,九江市,360481000000,瑞昌市,360481204000,武蛟乡
360400000000,九江市,360481000000,瑞昌市,360481205000,横立山乡
360400000000,九江市,360481000000,瑞昌市,360481206000,黄金乡
360400000000,九江市,360481000000,瑞昌市,360481207000,南阳乡
360400000000,九江市,360482000000,共青城市,360482001000,茶山街道
360400000000,九江市,360482000000,共青城市,360482100000,甘露镇
360400000000,九江市,360482000000,共青城市,360482101000,江益镇
360400000000,九江市,360482000000,共青城市,360482200000,金湖乡
360400000000,九江市,360482000000,共青城市,360482201000,苏家垱乡
360400000000,九江市,360482000000,共青城市,360482202000,泽泉乡
360500000000,新余市,360501000000,市辖区,,
360500000000,新余市,360502000000,渝水区,360502001000,城南街道办事处
360500000000,新余市,360502000000,渝水区,360502002000,城北街道办事处
360500000000,新余市,360502000000,渝水区,360502003000,袁河街道办事处
360500000000,新余市,360502000000,渝水区,360502100000,水北镇
360500000000,新余市,360502000000,渝水区,360502101000,下村镇
360500000000,新余市,360502000000,渝水区,360502102000,良山镇
360500000000,新余市,360502000000,渝水区,360502103000,罗坊镇
360500000000,新余市,360502000000,渝水区,360502104000,姚圩镇
360500000000,新余市,360502000000,渝水区,360502105000,珠珊镇
360500000000,新余市,360502000000,渝水区,360502170000,河下镇
360500000000,新余市,360502000000,渝水区,360502180000,观巢镇
360500000000,新余市,360502000000,渝水区,360502181000,欧里镇
360500000000,新余市,360502000000,渝水区,360502190000,水西镇
360500000000,新余市,360502000000,渝水区,360502200000,鹄山乡
360500000000,新余市,360502000000,渝水区,360502201000,人和乡
360500000000,新余市,360502000000,渝水区,360502202000,界水乡
360500000000,新余市,360502000000,渝水区,360502203000,南安乡
360500000000,新余市,360502000000,渝水区,360502204000,新溪乡
360500000000,新余市,360502000000,渝水区,360502271000,九龙山乡
360500000000,新余市,360521000000,分宜县,360521001000,钤东街道办事处
360500000000,新余市,360521000000,分宜县,360521100000,分宜镇
360500000000,新余市,360521000000,分宜县,360521101000,杨桥镇
360500000000,新余市,360521000000,分宜县,360521102000,湖泽镇
360500000000,新余市,360521000000,分宜县,360521103000,双林镇
360500000000,新余市,360521000000,分宜县,360521104000,钤山镇
360500000000,新余市,360521000000,分宜县,360521105000,洋江镇
360500000000,新余市,360521000000,分宜县,360521106000,凤阳镇
360500000000,新余市,360521000000,分宜县,360521201000,洞村乡
360500000000,新余市,360521000000,分宜县,360521202000,高岚乡
360500000000,新余市,360521000000,分宜县,360521203000,操场乡
360600000000,鹰潭市,360601000000,市辖区,,
360600000000,鹰潭市,360602000000,月湖区,360602001000,江边街道办事处
360600000000,鹰潭市,360602000000,月湖区,360602002000,交通街道办事处
360600000000,鹰潭市,360602000000,月湖区,360602003000,东湖街道办事处
360600000000,鹰潭市,360602000000,月湖区,360602004000,梅园街道办事处
360600000000,鹰潭市,360602000000,月湖区,360602005000,四青街道办事处
360600000000,鹰潭市,360602000000,月湖区,360602006000,白露街道办事处
360600000000,鹰潭市,360602000000,月湖区,360602100000,童家镇
360600000000,鹰潭市,360602000000,月湖区,360602200000,夏埠乡
360600000000,鹰潭市,360622000000,余江县,360622100000,邓埠镇
360600000000,鹰潭市,360622000000,余江县,360622101000,锦江镇
360600000000,鹰潭市,360622000000,余江县,360622102000,潢溪镇
360600000000,鹰潭市,360622000000,余江县,360622103000,中童镇
360600000000,鹰潭市,360622000000,余江县,360622104000,马荃镇
360600000000,鹰潭市,360622000000,余江县,360622105000,画桥镇
360600000000,鹰潭市,360622000000,余江县,360622106000,春涛镇
360600000000,鹰潭市,360622000000,余江县,360622200000,平定乡
360600000000,鹰潭市,360622000000,余江县,360622202000,杨溪乡
360600000000,鹰潭市,360622000000,余江县,360622203000,洪湖乡
360600000000,鹰潭市,360622000000,余江县,360622204000,黄庄乡
360600000000,鹰潭市,360622000000,余江县,360622205000,刘家站乡
360600000000,鹰潭市,360681000000,贵溪市,360681001000,花园街道
360600000000,鹰潭市,360681000000,贵溪市,360681002000,雄石街道
360600000000,鹰潭市,360681000000,贵溪市,360681003000,东门街道
360600000000,鹰潭市,360681000000,贵溪市,360681100000,泗沥镇
360600000000,鹰潭市,360681000000,贵溪市,360681101000,河潭镇
360600000000,鹰潭市,360681000000,贵溪市,360681102000,周坊镇
360600000000,鹰潭市,360681000000,贵溪市,360681103000,鸿塘镇
360600000000,鹰潭市,360681000000,贵溪市,360681104000,志光镇
360600000000,鹰潭市,360681000000,贵溪市,360681105000,流口镇
360600000000,鹰潭市,360681000000,贵溪市,360681106000,罗河镇
360600000000,鹰潭市,360681000000,贵溪市,360681107000,金屯镇
360600000000,鹰潭市,360681000000,贵溪市,360681108000,塘湾镇
360600000000,鹰潭市,360681000000,贵溪市,360681109000,文坊镇
360600000000,鹰潭市,360681000000,贵溪市,360681110000,冷水镇
360600000000,鹰潭市,360681000000,贵溪市,360681111000,滨江镇
360600000000,鹰潭市,360681000000,贵溪市,360681112000,天禄镇
360600000000,鹰潭市,360681000000,贵溪市,360681113000,雷溪镇
360600000000,鹰潭市,360681000000,贵溪市,360681190000,龙虎山镇（龙虎山风景旅游区管委会）
360600000000,鹰潭市,360681000000,贵溪市,360681191000,上清镇（龙虎山风景旅游区管委会）
360600000000,鹰潭市,360681000000,贵溪市,360681201000,白田乡
360600000000,鹰潭市,360681000000,贵溪市,360681203000,彭湾乡
360600000000,鹰潭市,360681000000,贵溪市,360681204000,樟坪畲族乡
360600000000,鹰潭市,360681000000,贵溪市,360681205000,耳口乡
360700000000,赣州市,360701000000,市辖区,,
360700000000,赣州市,360702000000,章贡区,360702001000,解放街道办事处
360700000000,赣州市,360702000000,章贡区,360702002000,赣江街道办事处
360700000000,赣州市,360702000000,章贡区,360702003000,南外街道办事处
360700000000,赣州市,360702000000,章贡区,360702004000,东外街道办事处
360700000000,赣州市,360702000000,章贡区,360702091000,黄金岭街道办事处（赣州经济技术开发区）
360700000000,赣州市,360702000000,章贡区,360702100000,沙石镇
360700000000,赣州市,360702000000,章贡区,360702101000,水东镇
360700000000,赣州市,360702000000,章贡区,360702102000,水南镇
360700000000,赣州市,360702000000,章贡区,360702103000,湖边镇（赣州经济技术开发区）
360700000000,赣州市,360702000000,章贡区,360702104000,沙河镇
360700000000,赣州市,360702000000,章贡区,360702105000,水西镇
360700000000,赣州市,360702000000,章贡区,360702190000,蟠龙镇（赣州经济技术开发区）
360700000000,赣州市,360702000000,章贡区,360702191000,潭口镇（赣州经济技术开发区）
360700000000,赣州市,360702000000,章贡区,360702192000,潭东镇（赣州经济技术开发区）
360700000000,赣州市,360703000000,南康区,360703001000,蓉江街道办事处
360700000000,赣州市,360703000000,南康区,360703002000,东山街道办事处
360700000000,赣州市,360703000000,南康区,360703100000,唐江镇
360700000000,赣州市,360703000000,南康区,360703101000,凤岗镇
360700000000,赣州市,360703000000,南康区,360703103000,龙岭镇
360700000000,赣州市,360703000000,南康区,360703104000,龙回镇
360700000000,赣州市,360703000000,南康区,360703105000,镜坝镇
360700000000,赣州市,360703000000,南康区,360703106000,横市镇
360700000000,赣州市,360703000000,南康区,360703200000,浮石乡
360700000000,赣州市,360703000000,南康区,360703201000,赤土畲族乡
360700000000,赣州市,360703000000,南康区,360703202000,横寨乡
360700000000,赣州市,360703000000,南康区,360703203000,朱坊乡
360700000000,赣州市,360703000000,南康区,360703204000,太窝乡
360700000000,赣州市,360703000000,南康区,360703205000,三江乡
360700000000,赣州市,360703000000,南康区,360703206000,龙华乡
360700000000,赣州市,360703000000,南康区,360703207000,十八塘乡
360700000000,赣州市,360703000000,南康区,360703208000,麻双乡
360700000000,赣州市,360703000000,南康区,360703209000,大坪乡
360700000000,赣州市,360703000000,南康区,360703210000,坪市乡
360700000000,赣州市,360703000000,南康区,360703211000,隆木乡
360700000000,赣州市,360721000000,赣县,360721100000,梅林镇
360700000000,赣州市,360721000000,赣县,360721101000,王母渡镇
360700000000,赣州市,360721000000,赣县,360721102000,沙地镇
360700000000,赣州市,360721000000,赣县,360721103000,江口镇
360700000000,赣州市,360721000000,赣县,360721104000,田村镇
360700000000,赣州市,360721000000,赣县,360721105000,南塘镇
360700000000,赣州市,360721000000,赣县,360721106000,茅店镇
360700000000,赣州市,360721000000,赣县,360721107000,吉埠镇
360700000000,赣州市,360721000000,赣县,360721108000,五云镇
360700000000,赣州市,360721000000,赣县,360721109000,湖江镇
360700000000,赣州市,360721000000,赣县,360721110000,储潭镇
360700000000,赣州市,360721000000,赣县,360721111000,韩坊镇
360700000000,赣州市,360721000000,赣县,360721201000,阳埠乡
360700000000,赣州市,360721000000,赣县,360721202000,大埠乡
360700000000,赣州市,360721000000,赣县,360721203000,长洛乡
360700000000,赣州市,360721000000,赣县,360721204000,大田乡
360700000000,赣州市,360721000000,赣县,360721207000,石芫乡
360700000000,赣州市,360721000000,赣县,360721208000,三溪乡
360700000000,赣州市,360721000000,赣县,360721209000,白鹭乡
360700000000,赣州市,360722000000,信丰县,360722100000,嘉定镇
360700000000,赣州市,360722000000,信丰县,360722101000,大塘埠镇
360700000000,赣州市,360722000000,信丰县,360722102000,古陂镇
360700000000,赣州市,360722000000,信丰县,360722103000,大桥镇
360700000000,赣州市,360722000000,信丰县,360722104000,新田镇
360700000000,赣州市,360722000000,信丰县,360722105000,安西镇
360700000000,赣州市,360722000000,信丰县,360722106000,小江镇
360700000000,赣州市,360722000000,信丰县,360722107000,铁石口镇
360700000000,赣州市,360722000000,信丰县,360722108000,大阿镇
360700000000,赣州市,360722000000,信丰县,360722109000,油山镇
360700000000,赣州市,360722000000,信丰县,360722110000,小河镇
360700000000,赣州市,360722000000,信丰县,360722111000,西牛镇
360700000000,赣州市,360722000000,信丰县,360722112000,正平镇
360700000000,赣州市,360722000000,信丰县,360722200000,虎山乡
360700000000,赣州市,360722000000,信丰县,360722201000,崇仙乡
360700000000,赣州市,360722000000,信丰县,360722202000,万隆乡
360700000000,赣州市,360723000000,大余县,360723100000,南安镇
360700000000,赣州市,360723000000,大余县,360723101000,新城镇
360700000000,赣州市,360723000000,大余县,360723102000,樟斗镇
360700000000,赣州市,360723000000,大余县,360723103000,池江镇
360700000000,赣州市,360723000000,大余县,360723104000,青龙镇
360700000000,赣州市,360723000000,大余县,360723105000,左拔镇
360700000000,赣州市,360723000000,大余县,360723106000,黄龙镇
360700000000,赣州市,360723000000,大余县,360723107000,吉村镇
360700000000,赣州市,360723000000,大余县,360723200000,浮江乡
360700000000,赣州市,360723000000,大余县,360723201000,河洞乡
360700000000,赣州市,360723000000,大余县,360723202000,内良乡
360700000000,赣州市,360724000000,上犹县,360724100000,东山镇
360700000000,赣州市,360724000000,上犹县,360724101000,陡水镇
360700000000,赣州市,360724000000,上犹县,360724102000,社溪镇
360700000000,赣州市,360724000000,上犹县,360724103000,营前镇
360700000000,赣州市,360724000000,上犹县,360724104000,黄埠镇
360700000000,赣州市,360724000000,上犹县,360724105000,寺下镇
360700000000,赣州市,360724000000,上犹县,360724200000,梅水乡
360700000000,赣州市,360724000000,上犹县,360724201000,油石乡
360700000000,赣州市,360724000000,上犹县,360724202000,安和乡
360700000000,赣州市,360724000000,上犹县,360724204000,双溪乡
360700000000,赣州市,360724000000,上犹县,360724205000,水岩乡
360700000000,赣州市,360724000000,上犹县,360724206000,平富乡
360700000000,赣州市,360724000000,上犹县,360724207000,五指峰乡
360700000000,赣州市,360724000000,上犹县,360724208000,紫阳乡
360700000000,赣州市,360725000000,崇义县,360725100000,横水镇
360700000000,赣州市,360725000000,崇义县,360725101000,扬眉镇
360700000000,赣州市,360725000000,崇义县,360725102000,过埠镇
360700000000,赣州市,360725000000,崇义县,360725103000,铅厂镇
360700000000,赣州市,360725000000,崇义县,360725104000,长龙镇
360700000000,赣州市,360725000000,崇义县,360725105000,关田镇
360700000000,赣州市,360725000000,崇义县,360725200000,龙勾乡
360700000000,赣州市,360725000000,崇义县,360725201000,杰坝乡
360700000000,赣州市,360725000000,崇义县,360725202000,金坑乡
360700000000,赣州市,360725000000,崇义县,360725203000,思顺乡
360700000000,赣州市,360725000000,崇义县,360725204000,麟潭乡
360700000000,赣州市,360725000000,崇义县,360725205000,上堡乡
360700000000,赣州市,360725000000,崇义县,360725206000,聂都乡
360700000000,赣州市,360725000000,崇义县,360725207000,文英乡
360700000000,赣州市,360725000000,崇义县,360725208000,乐洞乡
360700000000,赣州市,360725000000,崇义县,360725209000,丰州乡
360700000000,赣州市,360726000000,安远县,360726100000,欣山镇
360700000000,赣州市,360726000000,安远县,360726101000,孔田镇
360700000000,赣州市,360726000000,安远县,360726102000,版石镇
360700000000,赣州市,360726000000,安远县,360726103000,天心镇
360700000000,赣州市,360726000000,安远县,360726104000,龙布镇
360700000000,赣州市,360726000000,安远县,360726105000,鹤子镇
360700000000,赣州市,360726000000,安远县,360726106000,三百山镇
360700000000,赣州市,360726000000,安远县,360726107000,车头镇
360700000000,赣州市,360726000000,安远县,360726200000,镇岗乡
360700000000,赣州市,360726000000,安远县,360726201000,凤山乡
360700000000,赣州市,360726000000,安远县,360726202000,新龙乡
360700000000,赣州市,360726000000,安远县,360726203000,蔡坊乡
360700000000,赣州市,360726000000,安远县,360726204000,重石乡
360700000000,赣州市,360726000000,安远县,360726205000,长沙乡
360700000000,赣州市,360726000000,安远县,360726206000,浮槎乡
360700000000,赣州市,360726000000,安远县,360726207000,双芫乡
360700000000,赣州市,360726000000,安远县,360726208000,塘村乡
360700000000,赣州市,360726000000,安远县,360726209000,高云山乡
360700000000,赣州市,360727000000,龙南县,360727100000,龙南镇
360700000000,赣州市,360727000000,龙南县,360727101000,武当镇
360700000000,赣州市,360727000000,龙南县,360727102000,杨村镇
360700000000,赣州市,360727000000,龙南县,360727103000,汶龙镇
360700000000,赣州市,360727000000,龙南县,360727104000,程龙镇
360700000000,赣州市,360727000000,龙南县,360727105000,关西镇
360700000000,赣州市,360727000000,龙南县,360727106000,里仁镇
360700000000,赣州市,360727000000,龙南县,360727107000,渡江镇
360700000000,赣州市,360727000000,龙南县,360727200000,桃江乡
360700000000,赣州市,360727000000,龙南县,360727201000,东江乡
360700000000,赣州市,360727000000,龙南县,360727202000,临塘乡
360700000000,赣州市,360727000000,龙南县,360727203000,南亨乡
360700000000,赣州市,360727000000,龙南县,360727204000,夹湖乡
360700000000,赣州市,360728000000,定南县,360728100000,历市镇
360700000000,赣州市,360728000000,定南县,360728101000,岿美山镇
360700000000,赣州市,360728000000,定南县,360728102000,老城镇
360700000000,赣州市,360728000000,定南县,360728103000,天九镇
360700000000,赣州市,360728000000,定南县,360728104000,龙塘镇
360700000000,赣州市,360728000000,定南县,360728105000,岭北镇
360700000000,赣州市,360728000000,定南县,360728106000,鹅公镇
360700000000,赣州市,360729000000,全南县,360729100000,城厢镇
360700000000,赣州市,360729000000,全南县,360729101000,大吉山镇
360700000000,赣州市,360729000000,全南县,360729102000,陂头镇
360700000000,赣州市,360729000000,全南县,360729103000,金龙镇
360700000000,赣州市,360729000000,全南县,360729104000,南迳镇
360700000000,赣州市,360729000000,全南县,360729105000,龙源坝镇
360700000000,赣州市,360729000000,全南县,360729200000,中寨乡
360700000000,赣州市,360729000000,全南县,360729201000,社迳乡
360700000000,赣州市,360729000000,全南县,360729202000,龙下乡
360700000000,赣州市,360730000000,宁都县,360730100000,梅江镇
360700000000,赣州市,360730000000,宁都县,360730101000,青塘镇
360700000000,赣州市,360730000000,宁都县,360730102000,长胜镇
360700000000,赣州市,360730000000,宁都县,360730103000,黄陂镇
360700000000,赣州市,360730000000,宁都县,360730104000,固村镇
360700000000,赣州市,360730000000,宁都县,360730105000,赖村镇
360700000000,赣州市,360730000000,宁都县,360730106000,石上镇
360700000000,赣州市,360730000000,宁都县,360730107000,东山坝镇
360700000000,赣州市,360730000000,宁都县,360730108000,洛口镇
360700000000,赣州市,360730000000,宁都县,360730109000,小布镇
360700000000,赣州市,360730000000,宁都县,360730110000,黄石镇
360700000000,赣州市,360730000000,宁都县,360730111000,田头镇
360700000000,赣州市,360730000000,宁都县,360730200000,竹笮乡
360700000000,赣州市,360730000000,宁都县,360730201000,对坊乡
360700000000,赣州市,360730000000,宁都县,360730202000,固厚乡
360700000000,赣州市,360730000000,宁都县,360730203000,田埠乡
360700000000,赣州市,360730000000,宁都县,360730204000,会同乡
360700000000,赣州市,360730000000,宁都县,360730205000,湛田乡
360700000000,赣州市,360730000000,宁都县,360730206000,安福乡
360700000000,赣州市,360730000000,宁都县,360730207000,东韶乡
360700000000,赣州市,360730000000,宁都县,360730208000,肖田乡
360700000000,赣州市,360730000000,宁都县,360730209000,钓峰乡
360700000000,赣州市,360730000000,宁都县,360730210000,大沽乡
360700000000,赣州市,360730000000,宁都县,360730211000,蔡江乡
360700000000,赣州市,360731000000,于都县,360731100000,贡江镇
360700000000,赣州市,360731000000,于都县,360731101000,铁山垅镇
360700000000,赣州市,360731000000,于都县,360731102000,盘古山镇
360700000000,赣州市,360731000000,于都县,360731103000,禾丰镇
360700000000,赣州市,360731000000,于都县,360731104000,祁禄山镇
360700000000,赣州市,360731000000,于都县,360731105000,梓山镇
360700000000,赣州市,360731000000,于都县,360731106000,银坑镇
360700000000,赣州市,360731000000,于都县,360731107000,岭背镇
360700000000,赣州市,360731000000,于都县,360731108000,罗坳镇
360700000000,赣州市,360731000000,于都县,360731200000,罗江乡
360700000000,赣州市,360731000000,于都县,360731201000,小溪乡
360700000000,赣州市,360731000000,于都县,360731202000,利村乡
360700000000,赣州市,360731000000,于都县,360731203000,新陂乡
360700000000,赣州市,360731000000,于都县,360731204000,靖石乡
360700000000,赣州市,360731000000,于都县,360731205000,黄麟乡
360700000000,赣州市,360731000000,于都县,360731206000,沙心乡
360700000000,赣州市,360731000000,于都县,360731207000,宽田乡
360700000000,赣州市,360731000000,于都县,360731208000,葛坳乡
360700000000,赣州市,360731000000,于都县,360731209000,桥头乡
360700000000,赣州市,360731000000,于都县,360731210000,马安乡
360700000000,赣州市,360731000000,于都县,360731211000,仙下乡
360700000000,赣州市,360731000000,于都县,360731212000,车溪乡
360700000000,赣州市,360731000000,于都县,360731213000,段屋乡
360700000000,赣州市,360732000000,兴国县,360732100000,潋江镇
360700000000,赣州市,360732000000,兴国县,360732101000,江背镇
360700000000,赣州市,360732000000,兴国县,360732102000,古龙冈镇
360700000000,赣州市,360732000000,兴国县,360732103000,梅窖镇
360700000000,赣州市,360732000000,兴国县,360732104000,高兴镇
360700000000,赣州市,360732000000,兴国县,360732105000,良村镇
360700000000,赣州市,360732000000,兴国县,360732106000,龙口镇
360700000000,赣州市,360732000000,兴国县,360732200000,兴江乡
360700000000,赣州市,360732000000,兴国县,360732201000,樟木乡
360700000000,赣州市,360732000000,兴国县,360732202000,东村乡
360700000000,赣州市,360732000000,兴国县,360732203000,兴莲乡
360700000000,赣州市,360732000000,兴国县,360732204000,杰村乡
360700000000,赣州市,360732000000,兴国县,360732205000,社富乡
360700000000,赣州市,360732000000,兴国县,360732206000,埠头乡
360700000000,赣州市,360732000000,兴国县,360732207000,永丰乡
360700000000,赣州市,360732000000,兴国县,360732208000,隆坪乡
360700000000,赣州市,360732000000,兴国县,360732209000,均村乡
360700000000,赣州市,360732000000,兴国县,360732210000,茶园乡
360700000000,赣州市,360732000000,兴国县,360732211000,崇贤乡
360700000000,赣州市,360732000000,兴国县,360732212000,枫边乡
360700000000,赣州市,360732000000,兴国县,360732213000,南坑乡
360700000000,赣州市,360732000000,兴国县,360732214000,城岗乡
360700000000,赣州市,360732000000,兴国县,360732215000,方太乡
360700000000,赣州市,360732000000,兴国县,360732216000,鼎龙乡
360700000000,赣州市,360732000000,兴国县,360732217000,长冈乡
360700000000,赣州市,360733000000,会昌县,360733100000,文武坝镇
360700000000,赣州市,360733000000,会昌县,360733101000,筠门岭镇
360700000000,赣州市,360733000000,会昌县,360733102000,西江镇
360700000000,赣州市,360733000000,会昌县,360733103000,周田镇
360700000000,赣州市,360733000000,会昌县,360733104000,麻州镇
360700000000,赣州市,360733000000,会昌县,360733105000,庄口镇
360700000000,赣州市,360733000000,会昌县,360733200000,清溪乡
360700000000,赣州市,360733000000,会昌县,360733201000,右水乡
360700000000,赣州市,360733000000,会昌县,360733202000,高排乡
360700000000,赣州市,360733000000,会昌县,360733203000,晓龙乡
360700000000,赣州市,360733000000,会昌县,360733204000,珠兰乡
360700000000,赣州市,360733000000,会昌县,360733205000,洞头乡
360700000000,赣州市,360733000000,会昌县,360733206000,中村乡
360700000000,赣州市,360733000000,会昌县,360733207000,站塘乡
360700000000,赣州市,360733000000,会昌县,360733208000,永隆乡
360700000000,赣州市,360733000000,会昌县,360733209000,富城乡
360700000000,赣州市,360733000000,会昌县,360733210000,小密乡
360700000000,赣州市,360733000000,会昌县,360733211000,庄埠乡
360700000000,赣州市,360733000000,会昌县,360733212000,白鹅乡
360700000000,赣州市,360734000000,寻乌县,360734100000,长宁镇
360700000000,赣州市,360734000000,寻乌县,360734101000,晨光镇
360700000000,赣州市,360734000000,寻乌县,360734102000,留车镇
360700000000,赣州市,360734000000,寻乌县,360734103000,南桥镇
360700000000,赣州市,360734000000,寻乌县,360734104000,吉潭镇
360700000000,赣州市,360734000000,寻乌县,360734105000,澄江镇
360700000000,赣州市,360734000000,寻乌县,360734106000,桂竹帽镇
360700000000,赣州市,360734000000,寻乌县,360734200000,文峰乡
360700000000,赣州市,360734000000,寻乌县,360734201000,三标乡
360700000000,赣州市,360734000000,寻乌县,360734202000,菖蒲乡
360700000000,赣州市,360734000000,寻乌县,360734203000,龙廷乡
360700000000,赣州市,360734000000,寻乌县,360734204000,丹溪乡
360700000000,赣州市,360734000000,寻乌县,360734205000,项山乡
360700000000,赣州市,360734000000,寻乌县,360734206000,水源乡
360700000000,赣州市,360734000000,寻乌县,360734207000,罗珊乡
360700000000,赣州市,360735000000,石城县,360735100000,琴江镇
360700000000,赣州市,360735000000,石城县,360735101000,小松镇
360700000000,赣州市,360735000000,石城县,360735102000,屏山镇
360700000000,赣州市,360735000000,石城县,360735103000,横江镇
360700000000,赣州市,360735000000,石城县,360735104000,高田镇
360700000000,赣州市,360735000000,石城县,360735200000,木兰乡
360700000000,赣州市,360735000000,石城县,360735201000,丰山乡
360700000000,赣州市,360735000000,石城县,360735202000,大由乡
360700000000,赣州市,360735000000,石城县,360735203000,龙岗乡
360700000000,赣州市,360735000000,石城县,360735204000,珠坑乡
360700000000,赣州市,360781000000,瑞金市,360781100000,象湖镇
360700000000,赣州市,360781000000,瑞金市,360781101000,瑞林镇
360700000000,赣州市,360781000000,瑞金市,360781102000,壬田镇
360700000000,赣州市,360781000000,瑞金市,360781103000,九堡镇
360700000000,赣州市,360781000000,瑞金市,360781104000,沙洲坝镇
360700000000,赣州市,360781000000,瑞金市,360781105000,谢坊镇
360700000000,赣州市,360781000000,瑞金市,360781106000,武阳镇
360700000000,赣州市,360781000000,瑞金市,360781200000,叶坪乡
360700000000,赣州市,360781000000,瑞金市,360781201000,丁陂乡
360700000000,赣州市,360781000000,瑞金市,360781202000,大柏地乡
360700000000,赣州市,360781000000,瑞金市,360781203000,岗面乡
360700000000,赣州市,360781000000,瑞金市,360781204000,日东乡
360700000000,赣州市,360781000000,瑞金市,360781205000,万田乡
360700000000,赣州市,360781000000,瑞金市,360781206000,黄柏乡
360700000000,赣州市,360781000000,瑞金市,360781207000,云石山乡
360700000000,赣州市,360781000000,瑞金市,360781208000,泽覃乡
360700000000,赣州市,360781000000,瑞金市,360781209000,拔英乡
360800000000,吉安市,360801000000,市辖区,,
360800000000,吉安市,360802000000,吉州区,360802001000,古南街道办事处
360800000000,吉安市,360802000000,吉州区,360802002000,永叔街道办事处
360800000000,吉安市,360802000000,吉州区,360802003000,文山街道办事处
360800000000,吉安市,360802000000,吉州区,360802004000,习溪桥街道办事处
360800000000,吉安市,360802000000,吉州区,360802005000,北门街道办事处
360800000000,吉安市,360802000000,吉州区,360802006000,白塘街道办事处
360800000000,吉安市,360802000000,吉州区,360802007000,禾埠街道办事处
360800000000,吉安市,360802000000,吉州区,360802100000,兴桥镇
360800000000,吉安市,360802000000,吉州区,360802101000,樟山镇
360800000000,吉安市,360802000000,吉州区,360802102000,长塘镇
360800000000,吉安市,360802000000,吉州区,360802103000,曲濑镇
360800000000,吉安市,360803000000,青原区,360803001000,河东街道办事处
360800000000,吉安市,360803000000,青原区,360803002000,滨江街道办事处
360800000000,吉安市,360803000000,青原区,360803100000,天玉镇
360800000000,吉安市,360803000000,青原区,360803101000,值夏镇
360800000000,吉安市,360803000000,青原区,360803102000,新圩镇
360800000000,吉安市,360803000000,青原区,360803103000,富滩镇
360800000000,吉安市,360803000000,青原区,360803104000,富田镇
360800000000,吉安市,360803000000,青原区,360803105000,文陂镇
360800000000,吉安市,360803000000,青原区,360803201000,东固畲族少数民族乡
360800000000,吉安市,360821000000,吉安县,360821001000,高新街道办事处
360800000000,吉安市,360821000000,吉安县,360821002000,金鸡湖街道办事处
360800000000,吉安市,360821000000,吉安县,360821100000,敦厚镇
360800000000,吉安市,360821000000,吉安县,360821101000,永阳镇
360800000000,吉安市,360821000000,吉安县,360821102000,天河镇
360800000000,吉安市,360821000000,吉安县,360821103000,横江镇
360800000000,吉安市,360821000000,吉安县,360821104000,固江镇
360800000000,吉安市,360821000000,吉安县,360821105000,万福镇
360800000000,吉安市,360821000000,吉安县,360821106000,永和镇
360800000000,吉安市,360821000000,吉安县,360821107000,桐坪镇
360800000000,吉安市,360821000000,吉安县,360821108000,凤凰镇
360800000000,吉安市,360821000000,吉安县,360821109000,油田镇
360800000000,吉安市,360821000000,吉安县,360821110000,敖城镇
360800000000,吉安市,360821000000,吉安县,360821111000,梅塘镇
360800000000,吉安市,360821000000,吉安县,360821112000,浬田镇
360800000000,吉安市,360821000000,吉安县,360821200000,北源乡
360800000000,吉安市,360821000000,吉安县,360821201000,大冲乡
360800000000,吉安市,360821000000,吉安县,360821204000,登龙乡
360800000000,吉安市,360821000000,吉安县,360821205000,安塘乡
360800000000,吉安市,360821000000,吉安县,360821206000,官田乡
360800000000,吉安市,360821000000,吉安县,360821207000,指阳乡
360800000000,吉安市,360822000000,吉水县,360822100000,文峰镇
360800000000,吉安市,360822000000,吉水县,360822101000,阜田镇
360800000000,吉安市,360822000000,吉水县,360822102000,盘谷镇
360800000000,吉安市,360822000000,吉水县,360822103000,枫江镇
360800000000,吉安市,360822000000,吉水县,360822104000,黄桥镇
360800000000,吉安市,360822000000,吉水县,360822105000,金滩镇
360800000000,吉安市,360822000000,吉水县,360822106000,八都镇
360800000000,吉安市,360822000000,吉水县,360822107000,双村镇
360800000000,吉安市,360822000000,吉水县,360822108000,醪桥镇
360800000000,吉安市,360822000000,吉水县,360822109000,螺田镇
360800000000,吉安市,360822000000,吉水县,360822110000,白沙镇
360800000000,吉安市,360822000000,吉水县,360822111000,白水镇
360800000000,吉安市,360822000000,吉水县,360822112000,丁江镇
360800000000,吉安市,360822000000,吉水县,360822113000,乌江镇
360800000000,吉安市,360822000000,吉水县,360822114000,水南镇
360800000000,吉安市,360822000000,吉水县,360822200000,尚贤乡
360800000000,吉安市,360822000000,吉水县,360822201000,水田乡
360800000000,吉安市,360822000000,吉水县,360822202000,冠山乡
360800000000,吉安市,360823000000,峡江县,360823100000,水边镇
360800000000,吉安市,360823000000,峡江县,360823101000,马埠镇
360800000000,吉安市,360823000000,峡江县,360823102000,巴邱镇
360800000000,吉安市,360823000000,峡江县,360823103000,仁和镇
360800000000,吉安市,360823000000,峡江县,360823104000,砚溪镇
360800000000,吉安市,360823000000,峡江县,360823105000,罗田镇
360800000000,吉安市,360823000000,峡江县,360823200000,桐林乡
360800000000,吉安市,360823000000,峡江县,360823201000,福民乡
360800000000,吉安市,360823000000,峡江县,360823202000,戈坪乡
360800000000,吉安市,360823000000,峡江县,360823203000,金江乡
360800000000,吉安市,360823000000,峡江县,360823204000,金坪民族乡
360800000000,吉安市,360824000000,新干县,360824001000,洋峰街道办
360800000000,吉安市,360824000000,新干县,360824100000,金川镇
360800000000,吉安市,360824000000,新干县,360824101000,三湖镇
360800000000,吉安市,360824000000,新干县,360824102000,大洋洲镇
360800000000,吉安市,360824000000,新干县,360824103000,七琴镇
360800000000,吉安市,360824000000,新干县,360824104000,麦斜镇
360800000000,吉安市,360824000000,新干县,360824105000,界埠镇
360800000000,吉安市,360824000000,新干县,360824106000,溧江镇
360800000000,吉安市,360824000000,新干县,360824201000,桃溪乡
360800000000,吉安市,360824000000,新干县,360824202000,城上乡
360800000000,吉安市,360824000000,新干县,360824203000,潭丘乡
360800000000,吉安市,360824000000,新干县,360824204000,神政桥乡
360800000000,吉安市,360824000000,新干县,360824205000,沂江乡
360800000000,吉安市,360824000000,新干县,360824207000,荷浦乡
360800000000,吉安市,360825000000,永丰县,360825100000,恩江镇
360800000000,吉安市,360825000000,永丰县,360825101000,坑田镇
360800000000,吉安市,360825000000,永丰县,360825102000,沿陂镇
360800000000,吉安市,360825000000,永丰县,360825103000,古县镇
360800000000,吉安市,360825000000,永丰县,360825104000,瑶田镇
360800000000,吉安市,360825000000,永丰县,360825105000,藤田镇
360800000000,吉安市,360825000000,永丰县,360825106000,石马镇
360800000000,吉安市,360825000000,永丰县,360825107000,沙溪镇
360800000000,吉安市,360825000000,永丰县,360825200000,佐龙乡
360800000000,吉安市,360825000000,永丰县,360825201000,八江乡
360800000000,吉安市,360825000000,永丰县,360825202000,潭城乡
360800000000,吉安市,360825000000,永丰县,360825203000,鹿冈乡
360800000000,吉安市,360825000000,永丰县,360825204000,七都乡
360800000000,吉安市,360825000000,永丰县,360825205000,陶塘乡
360800000000,吉安市,360825000000,永丰县,360825206000,中村乡
360800000000,吉安市,360825000000,永丰县,360825207000,上溪乡
360800000000,吉安市,360825000000,永丰县,360825208000,潭头乡
360800000000,吉安市,360825000000,永丰县,360825209000,三坊乡
360800000000,吉安市,360825000000,永丰县,360825210000,上固乡
360800000000,吉安市,360825000000,永丰县,360825211000,君埠乡
360800000000,吉安市,360825000000,永丰县,360825212000,龙冈畲族乡
360800000000,吉安市,360826000000,泰和县,360826100000,澄江镇
360800000000,吉安市,360826000000,泰和县,360826101000,碧溪镇
360800000000,吉安市,360826000000,泰和县,360826102000,桥头镇
360800000000,吉安市,360826000000,泰和县,360826103000,禾市镇
360800000000,吉安市,360826000000,泰和县,360826104000,螺溪镇
360800000000,吉安市,360826000000,泰和县,360826105000,苏溪镇
360800000000,吉安市,360826000000,泰和县,360826106000,马市镇
360800000000,吉安市,360826000000,泰和县,360826107000,塘洲镇
360800000000,吉安市,360826000000,泰和县,360826108000,冠朝镇
360800000000,吉安市,360826000000,泰和县,360826109000,沙村镇
360800000000,吉安市,360826000000,泰和县,360826110000,老营盘镇
360800000000,吉安市,360826000000,泰和县,360826111000,小龙镇
360800000000,吉安市,360826000000,泰和县,360826112000,灌溪镇
360800000000,吉安市,360826000000,泰和县,360826113000,苑前镇
360800000000,吉安市,360826000000,泰和县,360826114000,万合镇
360800000000,吉安市,360826000000,泰和县,360826115000,沿溪镇
360800000000,吉安市,360826000000,泰和县,360826200000,石山乡
360800000000,吉安市,360826000000,泰和县,360826201000,南溪乡
360800000000,吉安市,360826000000,泰和县,360826202000,上模乡
360800000000,吉安市,360826000000,泰和县,360826203000,水槎乡
360800000000,吉安市,360826000000,泰和县,360826204000,上圯乡
360800000000,吉安市,360826000000,泰和县,360826205000,中龙乡
360800000000,吉安市,360827000000,遂川县,360827100000,泉江镇
360800000000,吉安市,360827000000,遂川县,360827101000,雩田镇
360800000000,吉安市,360827000000,遂川县,360827102000,碧洲镇
360800000000,吉安市,360827000000,遂川县,360827103000,草林镇
360800000000,吉安市,360827000000,遂川县,360827104000,堆子前镇
360800000000,吉安市,360827000000,遂川县,360827105000,左安镇
360800000000,吉安市,360827000000,遂川县,360827106000,高坪镇
360800000000,吉安市,360827000000,遂川县,360827107000,大汾镇
360800000000,吉安市,360827000000,遂川县,360827108000,衙前镇
360800000000,吉安市,360827000000,遂川县,360827109000,禾源镇
360800000000,吉安市,360827000000,遂川县,360827110000,汤湖镇
360800000000,吉安市,360827000000,遂川县,360827200000,珠田乡
360800000000,吉安市,360827000000,遂川县,360827201000,巾石乡
360800000000,吉安市,360827000000,遂川县,360827202000,大坑乡
360800000000,吉安市,360827000000,遂川县,360827203000,枚江乡
360800000000,吉安市,360827000000,遂川县,360827204000,双桥乡
360800000000,吉安市,360827000000,遂川县,360827205000,新江乡
360800000000,吉安市,360827000000,遂川县,360827206000,五斗江乡
360800000000,吉安市,360827000000,遂川县,360827207000,西溪乡
360800000000,吉安市,360827000000,遂川县,360827208000,南江乡
360800000000,吉安市,360827000000,遂川县,360827209000,黄坑乡
360800000000,吉安市,360827000000,遂川县,360827210000,戴家埔乡
360800000000,吉安市,360827000000,遂川县,360827211000,营盘圩乡
360800000000,吉安市,360828000000,万安县,360828100000,芙蓉镇
360800000000,吉安市,360828000000,万安县,360828101000,五丰镇
360800000000,吉安市,360828000000,万安县,360828102000,枧头镇
360800000000,吉安市,360828000000,万安县,360828103000,窑头镇
360800000000,吉安市,360828000000,万安县,360828104000,百嘉镇
360800000000,吉安市,360828000000,万安县,360828105000,高陂镇
360800000000,吉安市,360828000000,万安县,360828106000,潞田镇
360800000000,吉安市,360828000000,万安县,360828107000,沙坪镇
360800000000,吉安市,360828000000,万安县,360828108000,夏造镇
360800000000,吉安市,360828000000,万安县,360828200000,罗塘乡
360800000000,吉安市,360828000000,万安县,360828201000,弹前乡
360800000000,吉安市,360828000000,万安县,360828202000,武术乡
360800000000,吉安市,360828000000,万安县,360828203000,宝山乡
360800000000,吉安市,360828000000,万安县,360828204000,涧田乡
360800000000,吉安市,360828000000,万安县,360828205000,顺峰乡
360800000000,吉安市,360828000000,万安县,360828206000,韶口乡
360800000000,吉安市,360829000000,安福县,360829100000,平都镇
360800000000,吉安市,360829000000,安福县,360829101000,浒坑镇
360800000000,吉安市,360829000000,安福县,360829102000,洲湖镇
360800000000,吉安市,360829000000,安福县,360829103000,横龙镇
360800000000,吉安市,360829000000,安福县,360829104000,洋溪镇
360800000000,吉安市,360829000000,安福县,360829105000,严田镇
360800000000,吉安市,360829000000,安福县,360829106000,枫田镇
360800000000,吉安市,360829000000,安福县,360829200000,竹江乡
360800000000,吉安市,360829000000,安福县,360829201000,瓜畲乡
360800000000,吉安市,360829000000,安福县,360829202000,钱山乡
360800000000,吉安市,360829000000,安福县,360829203000,赤谷乡
360800000000,吉安市,360829000000,安福县,360829204000,山庄乡
360800000000,吉安市,360829000000,安福县,360829205000,洋门乡
360800000000,吉安市,360829000000,安福县,360829206000,金田乡
360800000000,吉安市,360829000000,安福县,360829207000,彭坊乡
360800000000,吉安市,360829000000,安福县,360829208000,泰山乡
360800000000,吉安市,360829000000,安福县,360829209000,寮塘乡
360800000000,吉安市,360829000000,安福县,360829210000,甘洛乡
360800000000,吉安市,360829000000,安福县,360829211000,章庄乡
360800000000,吉安市,360830000000,永新县,360830100000,禾川镇
360800000000,吉安市,360830000000,永新县,360830101000,石桥镇
360800000000,吉安市,360830000000,永新县,360830102000,龙源口镇
360800000000,吉安市,360830000000,永新县,360830103000,浬田镇
360800000000,吉安市,360830000000,永新县,360830104000,龙门镇
360800000000,吉安市,360830000000,永新县,360830105000,沙市镇
360800000000,吉安市,360830000000,永新县,360830106000,文竹镇
360800000000,吉安市,360830000000,永新县,360830107000,埠前镇
360800000000,吉安市,360830000000,永新县,360830108000,怀忠镇
360800000000,吉安市,360830000000,永新县,360830109000,高桥楼镇
360800000000,吉安市,360830000000,永新县,360830200000,坳南乡
360800000000,吉安市,360830000000,永新县,360830201000,曲白乡
360800000000,吉安市,360830000000,永新县,360830202000,才丰乡
360800000000,吉安市,360830000000,永新县,360830203000,烟阁乡
360800000000,吉安市,360830000000,永新县,360830204000,在中乡
360800000000,吉安市,360830000000,永新县,360830205000,三湾乡
360800000000,吉安市,360830000000,永新县,360830206000,台岭乡
360800000000,吉安市,360830000000,永新县,360830207000,龙田乡
360800000000,吉安市,360830000000,永新县,360830208000,高溪乡
360800000000,吉安市,360830000000,永新县,360830209000,莲洲乡
360800000000,吉安市,360830000000,永新县,360830210000,高市乡
360800000000,吉安市,360830000000,永新县,360830211000,象形乡
360800000000,吉安市,360830000000,永新县,360830212000,芦溪乡
360800000000,吉安市,360881000000,井冈山市,360881002000,红星街道办事处
360800000000,吉安市,360881000000,井冈山市,360881100000,厦坪镇
360800000000,吉安市,360881000000,井冈山市,360881101000,龙市镇
360800000000,吉安市,360881000000,井冈山市,360881102000,古城镇
360800000000,吉安市,360881000000,井冈山市,360881103000,新城镇
360800000000,吉安市,360881000000,井冈山市,360881104000,大陇镇
360800000000,吉安市,360881000000,井冈山市,360881105000,茨坪镇
360800000000,吉安市,360881000000,井冈山市,360881200000,拿山乡
360800000000,吉安市,360881000000,井冈山市,360881201000,黄垇乡
360800000000,吉安市,360881000000,井冈山市,360881202000,下七乡
360800000000,吉安市,360881000000,井冈山市,360881203000,长坪乡
360800000000,吉安市,360881000000,井冈山市,360881204000,坳里乡
360800000000,吉安市,360881000000,井冈山市,360881205000,鹅岭乡
360800000000,吉安市,360881000000,井冈山市,360881206000,柏露乡
360800000000,吉安市,360881000000,井冈山市,360881207000,茅坪乡
360800000000,吉安市,360881000000,井冈山市,360881208000,葛田乡
360800000000,吉安市,360881000000,井冈山市,360881209000,荷花乡
360800000000,吉安市,360881000000,井冈山市,360881210000,睦村乡
360800000000,吉安市,360881000000,井冈山市,360881211000,东上乡
360900000000,宜春市,360901000000,市辖区,,
360900000000,宜春市,360902000000,袁州区,360902001000,灵泉街道
360900000000,宜春市,360902000000,袁州区,360902002000,秀江街道
360900000000,宜春市,360902000000,袁州区,360902004000,湛郎街道
360900000000,宜春市,360902000000,袁州区,360902005000,珠泉街道
360900000000,宜春市,360902000000,袁州区,360902006000,化成街道
360900000000,宜春市,360902000000,袁州区,360902007000,官园街道
360900000000,宜春市,360902000000,袁州区,360902008000,下浦街道
360900000000,宜春市,360902000000,袁州区,360902009000,凤凰街道
360900000000,宜春市,360902000000,袁州区,360902010000,金园街道
360900000000,宜春市,360902000000,袁州区,360902100000,彬江镇
360900000000,宜春市,360902000000,袁州区,360902101000,西村镇
360900000000,宜春市,360902000000,袁州区,360902102000,金瑞镇
360900000000,宜春市,360902000000,袁州区,360902103000,温汤镇
360900000000,宜春市,360902000000,袁州区,360902104000,三阳镇
360900000000,宜春市,360902000000,袁州区,360902105000,慈化镇
360900000000,宜春市,360902000000,袁州区,360902106000,天台镇
360900000000,宜春市,360902000000,袁州区,360902107000,洪塘镇
360900000000,宜春市,360902000000,袁州区,360902108000,渥江镇
360900000000,宜春市,360902000000,袁州区,360902109000,新坊镇
360900000000,宜春市,360902000000,袁州区,360902110000,寨下镇
360900000000,宜春市,360902000000,袁州区,360902111000,芦村镇
360900000000,宜春市,360902000000,袁州区,360902112000,湖田镇
360900000000,宜春市,360902000000,袁州区,360902113000,新田镇
360900000000,宜春市,360902000000,袁州区,360902114000,南庙镇
360900000000,宜春市,360902000000,袁州区,360902115000,竹亭镇
360900000000,宜春市,360902000000,袁州区,360902116000,水江镇
360900000000,宜春市,360902000000,袁州区,360902117000,辽市镇
360900000000,宜春市,360902000000,袁州区,360902118000,洪江镇
360900000000,宜春市,360902000000,袁州区,360902206000,楠木乡
360900000000,宜春市,360902000000,袁州区,360902210000,柏木乡
360900000000,宜春市,360902000000,袁州区,360902213000,飞剑潭乡
360900000000,宜春市,360921000000,奉新县,360921100000,冯川镇
360900000000,宜春市,360921000000,奉新县,360921101000,赤岸镇
360900000000,宜春市,360921000000,奉新县,360921102000,赤田镇
360900000000,宜春市,360921000000,奉新县,360921103000,宋埠镇
360900000000,宜春市,360921000000,奉新县,360921104000,干洲镇
360900000000,宜春市,360921000000,奉新县,360921105000,澡下镇
360900000000,宜春市,360921000000,奉新县,360921106000,会埠镇
360900000000,宜春市,360921000000,奉新县,360921107000,罗市镇
360900000000,宜春市,360921000000,奉新县,360921108000,上富镇
360900000000,宜春市,360921000000,奉新县,360921109000,甘坊镇
360900000000,宜春市,360921000000,奉新县,360921200000,仰山乡
360900000000,宜春市,360921000000,奉新县,360921201000,澡溪乡
360900000000,宜春市,360921000000,奉新县,360921202000,柳溪乡
360900000000,宜春市,360922000000,万载县,360922001000,康乐街道
360900000000,宜春市,360922000000,万载县,360922100000,株潭镇
360900000000,宜春市,360922000000,万载县,360922101000,黄茅镇
360900000000,宜春市,360922000000,万载县,360922102000,潭埠镇
360900000000,宜春市,360922000000,万载县,360922103000,双桥镇
360900000000,宜春市,360922000000,万载县,360922104000,高村镇
360900000000,宜春市,360922000000,万载县,360922105000,罗城镇
360900000000,宜春市,360922000000,万载县,360922106000,三兴镇
360900000000,宜春市,360922000000,万载县,360922107000,高城镇
360900000000,宜春市,360922000000,万载县,360922108000,白良镇
360900000000,宜春市,360922000000,万载县,360922200000,鹅峰乡
360900000000,宜春市,360922000000,万载县,360922201000,马步乡
360900000000,宜春市,360922000000,万载县,360922203000,赤兴乡
360900000000,宜春市,360922000000,万载县,360922204000,岭东乡
360900000000,宜春市,360922000000,万载县,360922205000,白水乡
360900000000,宜春市,360922000000,万载县,360922206000,仙源乡
360900000000,宜春市,360922000000,万载县,360922208000,茭湖乡
360900000000,宜春市,360923000000,上高县,360923001000,敖阳街道
360900000000,宜春市,360923000000,上高县,360923100000,田心镇
360900000000,宜春市,360923000000,上高县,360923101000,徐家渡镇
360900000000,宜春市,360923000000,上高县,360923102000,锦江镇
360900000000,宜春市,360923000000,上高县,360923103000,泗溪镇
360900000000,宜春市,360923000000,上高县,360923104000,翰堂镇
360900000000,宜春市,360923000000,上高县,360923105000,南港镇
360900000000,宜春市,360923000000,上高县,360923106000,敖山镇
360900000000,宜春市,360923000000,上高县,360923107000,新界埠镇
360900000000,宜春市,360923000000,上高县,360923108000,蒙山镇
360900000000,宜春市,360923000000,上高县,360923200000,芦洲乡
360900000000,宜春市,360923000000,上高县,360923201000,塔下乡
360900000000,宜春市,360923000000,上高县,360923203000,镇渡乡
360900000000,宜春市,360923000000,上高县,360923204000,野市乡
360900000000,宜春市,360923000000,上高县,360923206000,墨山乡
360900000000,宜春市,360924000000,宜丰县,360924100000,新昌镇
360900000000,宜春市,360924000000,宜丰县,360924101000,澄塘镇
360900000000,宜春市,360924000000,宜丰县,360924102000,棠浦镇
360900000000,宜春市,360924000000,宜丰县,360924103000,新庄镇
360900000000,宜春市,360924000000,宜丰县,360924104000,潭山镇
360900000000,宜春市,360924000000,宜丰县,360924105000,芳溪镇
360900000000,宜春市,360924000000,宜丰县,360924106000,石市镇
360900000000,宜春市,360924000000,宜丰县,360924107000,黄岗镇
360900000000,宜春市,360924000000,宜丰县,360924200000,花桥乡
360900000000,宜春市,360924000000,宜丰县,360924201000,同安乡
360900000000,宜春市,360924000000,宜丰县,360924202000,天宝乡
360900000000,宜春市,360924000000,宜丰县,360924204000,桥西乡
360900000000,宜春市,360925000000,靖安县,360925100000,双溪镇
360900000000,宜春市,360925000000,靖安县,360925101000,仁首镇
360900000000,宜春市,360925000000,靖安县,360925102000,宝峰镇
360900000000,宜春市,360925000000,靖安县,360925103000,高湖镇
360900000000,宜春市,360925000000,靖安县,360925104000,璪都镇
360900000000,宜春市,360925000000,靖安县,360925200000,香田乡
360900000000,宜春市,360925000000,靖安县,360925201000,水口乡
360900000000,宜春市,360925000000,靖安县,360925202000,中源乡
360900000000,宜春市,360925000000,靖安县,360925203000,罗湾乡
360900000000,宜春市,360925000000,靖安县,360925205000,三爪仑乡
360900000000,宜春市,360925000000,靖安县,360925206000,雷公尖乡
360900000000,宜春市,360926000000,铜鼓县,360926100000,永宁镇
360900000000,宜春市,360926000000,铜鼓县,360926101000,温泉镇
360900000000,宜春市,360926000000,铜鼓县,360926102000,棋坪镇
360900000000,宜春市,360926000000,铜鼓县,360926103000,排埠镇
360900000000,宜春市,360926000000,铜鼓县,360926104000,三都镇
360900000000,宜春市,360926000000,铜鼓县,360926105000,大塅镇
360900000000,宜春市,360926000000,铜鼓县,360926200000,高桥乡
360900000000,宜春市,360926000000,铜鼓县,360926201000,港口乡
360900000000,宜春市,360926000000,铜鼓县,360926202000,带溪乡
360900000000,宜春市,360981000000,丰城市,360981002000,剑光街道
360900000000,宜春市,360981000000,丰城市,360981006000,河洲街道
360900000000,宜春市,360981000000,丰城市,360981007000,剑南街道
360900000000,宜春市,360981000000,丰城市,360981008000,孙渡街道
360900000000,宜春市,360981000000,丰城市,360981009000,尚庄街道
360900000000,宜春市,360981000000,丰城市,360981101000,白土镇
360900000000,宜春市,360981000000,丰城市,360981102000,袁渡镇
360900000000,宜春市,360981000000,丰城市,360981104000,张巷镇
360900000000,宜春市,360981000000,丰城市,360981105000,杜市镇
360900000000,宜春市,360981000000,丰城市,360981106000,淘沙镇
360900000000,宜春市,360981000000,丰城市,360981107000,秀市镇
360900000000,宜春市,360981000000,丰城市,360981109000,洛市镇
360900000000,宜春市,360981000000,丰城市,360981110000,铁路镇
360900000000,宜春市,360981000000,丰城市,360981111000,丽村镇
360900000000,宜春市,360981000000,丰城市,360981115000,董家镇
360900000000,宜春市,360981000000,丰城市,360981116000,隍城镇
360900000000,宜春市,360981000000,丰城市,360981119000,小港镇
360900000000,宜春市,360981000000,丰城市,360981120000,石滩镇
360900000000,宜春市,360981000000,丰城市,360981121000,桥东镇
360900000000,宜春市,360981000000,丰城市,360981122000,荣塘镇
360900000000,宜春市,360981000000,丰城市,360981123000,拖船镇
360900000000,宜春市,360981000000,丰城市,360981124000,泉港镇
360900000000,宜春市,360981000000,丰城市,360981125000,梅林镇
360900000000,宜春市,360981000000,丰城市,360981126000,曲江镇
360900000000,宜春市,360981000000,丰城市,360981127000,上塘镇
360900000000,宜春市,360981000000,丰城市,360981201000,筱塘乡
360900000000,宜春市,360981000000,丰城市,360981202000,段潭乡
360900000000,宜春市,360981000000,丰城市,360981203000,蕉坑乡
360900000000,宜春市,360981000000,丰城市,360981204000,石江乡
360900000000,宜春市,360981000000,丰城市,360981205000,荷湖乡
360900000000,宜春市,360981000000,丰城市,360981206000,湖塘乡
360900000000,宜春市,360981000000,丰城市,360981207000,同田乡
360900000000,宜春市,360982000000,樟树市,360982001000,淦阳街道
360900000000,宜春市,360982000000,樟树市,360982002000,鹿江街道
360900000000,宜春市,360982000000,樟树市,360982003000,福城街道
360900000000,宜春市,360982000000,樟树市,360982004000,大桥街道
360900000000,宜春市,360982000000,樟树市,360982005000,张家山街道
360900000000,宜春市,360982000000,樟树市,360982100000,临江镇
360900000000,宜春市,360982000000,樟树市,360982101000,永泰镇
360900000000,宜春市,360982000000,樟树市,360982102000,黄土岗镇
360900000000,宜春市,360982000000,樟树市,360982103000,经楼镇
360900000000,宜春市,360982000000,樟树市,360982104000,昌付镇
360900000000,宜春市,360982000000,樟树市,360982105000,店下镇
360900000000,宜春市,360982000000,樟树市,360982106000,阁山镇
360900000000,宜春市,360982000000,樟树市,360982107000,刘公庙镇
360900000000,宜春市,360982000000,樟树市,360982108000,观上镇
360900000000,宜春市,360982000000,樟树市,360982109000,义成镇
360900000000,宜春市,360982000000,樟树市,360982200000,中洲乡
360900000000,宜春市,360982000000,樟树市,360982201000,洲上乡
360900000000,宜春市,360982000000,樟树市,360982202000,洋湖乡
360900000000,宜春市,360982000000,樟树市,360982203000,吴城乡
360900000000,宜春市,360983000000,高安市,360983001000,瑞州街道
360900000000,宜春市,360983000000,高安市,360983002000,筠阳街道
360900000000,宜春市,360983000000,高安市,360983100000,蓝坊镇
360900000000,宜春市,360983000000,高安市,360983101000,荷岭镇
360900000000,宜春市,360983000000,高安市,360983102000,黄沙岗镇
360900000000,宜春市,360983000000,高安市,360983103000,新街镇
360900000000,宜春市,360983000000,高安市,360983104000,八景镇
360900000000,宜春市,360983000000,高安市,360983105000,独城镇
360900000000,宜春市,360983000000,高安市,360983106000,太阳镇
360900000000,宜春市,360983000000,高安市,360983107000,建山镇
360900000000,宜春市,360983000000,高安市,360983108000,田南镇
360900000000,宜春市,360983000000,高安市,360983109000,相城镇
360900000000,宜春市,360983000000,高安市,360983110000,灰埠镇
360900000000,宜春市,360983000000,高安市,360983111000,石脑镇
360900000000,宜春市,360983000000,高安市,360983112000,龙潭镇
360900000000,宜春市,360983000000,高安市,360983113000,杨圩镇
360900000000,宜春市,360983000000,高安市,360983114000,村前镇
360900000000,宜春市,360983000000,高安市,360983115000,伍桥镇
360900000000,宜春市,360983000000,高安市,360983116000,祥符镇
360900000000,宜春市,360983000000,高安市,360983117000,大城镇
360900000000,宜春市,360983000000,高安市,360983118000,华林山镇
360900000000,宜春市,360983000000,高安市,360983200000,上湖乡
360900000000,宜春市,360983000000,高安市,360983201000,汪家圩乡
361000000000,抚州市,361001000000,市辖区,,
361000000000,抚州市,361002000000,临川区,361002001000,青云街道办事处
361000000000,抚州市,361002000000,临川区,361002002000,西大街街道办事处
361000000000,抚州市,361002000000,临川区,361002003000,荆公路街道办事处
361000000000,抚州市,361002000000,临川区,361002004000,六水桥街道办事处
361000000000,抚州市,361002000000,临川区,361002005000,文昌街道办事处
361000000000,抚州市,361002000000,临川区,361002091000,城西街道办事处（金巢开发区）
361000000000,抚州市,361002000000,临川区,361002092000,钟岭街道办事处（金巢开发区）
361000000000,抚州市,361002000000,临川区,361002100000,上顿渡镇
361000000000,抚州市,361002000000,临川区,361002101000,温泉镇
361000000000,抚州市,361002000000,临川区,361002102000,高坪镇
361000000000,抚州市,361002000000,临川区,361002103000,秋溪镇
361000000000,抚州市,361002000000,临川区,361002104000,荣山镇
361000000000,抚州市,361002000000,临川区,361002105000,龙溪镇
361000000000,抚州市,361002000000,临川区,361002107000,大岗镇
361000000000,抚州市,361002000000,临川区,361002108000,云山镇
361000000000,抚州市,361002000000,临川区,361002109000,唱凯镇
361000000000,抚州市,361002000000,临川区,361002110000,罗针镇
361000000000,抚州市,361002000000,临川区,361002111000,罗湖镇
361000000000,抚州市,361002000000,临川区,361002112000,太阳镇
361000000000,抚州市,361002000000,临川区,361002113000,东馆镇
361000000000,抚州市,361002000000,临川区,361002114000,腾桥镇
361000000000,抚州市,361002000000,临川区,361002115000,青泥镇
361000000000,抚州市,361002000000,临川区,361002116000,孝桥镇
361000000000,抚州市,361002000000,临川区,361002117000,抚北镇
361000000000,抚州市,361002000000,临川区,361002190000,崇岗镇（金巢开发区）
361000000000,抚州市,361002000000,临川区,361002200000,展坪乡
361000000000,抚州市,361002000000,临川区,361002201000,连城乡
361000000000,抚州市,361002000000,临川区,361002202000,桐源乡
361000000000,抚州市,361002000000,临川区,361002203000,湖南乡
361000000000,抚州市,361002000000,临川区,361002204000,七里岗乡
361000000000,抚州市,361002000000,临川区,361002205000,嵩湖乡
361000000000,抚州市,361002000000,临川区,361002206000,鹏田乡
361000000000,抚州市,361002000000,临川区,361002207000,茅排乡
361000000000,抚州市,361002000000,临川区,361002208000,河埠乡
361000000000,抚州市,361021000000,南城县,361021100000,建昌镇
361000000000,抚州市,361021000000,南城县,361021101000,株良镇
361000000000,抚州市,361021000000,南城县,361021102000,上唐镇
361000000000,抚州市,361021000000,南城县,361021103000,里塔镇
361000000000,抚州市,361021000000,南城县,361021104000,洪门镇
361000000000,抚州市,361021000000,南城县,361021105000,沙洲镇
361000000000,抚州市,361021000000,南城县,361021106000,龙湖镇
361000000000,抚州市,361021000000,南城县,361021107000,新丰街镇
361000000000,抚州市,361021000000,南城县,361021108000,万坊镇
361000000000,抚州市,361021000000,南城县,361021109000,徐家镇
361000000000,抚州市,361021000000,南城县,361021201000,天井源乡
361000000000,抚州市,361021000000,南城县,361021203000,浔溪乡
361000000000,抚州市,361022000000,黎川县,361022100000,日峰镇
361000000000,抚州市,361022000000,黎川县,361022101000,宏村镇
361000000000,抚州市,361022000000,黎川县,361022102000,洵口镇
361000000000,抚州市,361022000000,黎川县,361022103000,熊村镇
361000000000,抚州市,361022000000,黎川县,361022104000,龙安镇
361000000000,抚州市,361022000000,黎川县,361022105000,德胜镇
361000000000,抚州市,361022000000,黎川县,361022106000,华山镇
361000000000,抚州市,361022000000,黎川县,361022200000,潭溪乡
361000000000,抚州市,361022000000,黎川县,361022201000,湖坊乡
361000000000,抚州市,361022000000,黎川县,361022202000,荷源乡
361000000000,抚州市,361022000000,黎川县,361022203000,厚村乡
361000000000,抚州市,361022000000,黎川县,361022204000,社苹乡
361000000000,抚州市,361022000000,黎川县,361022205000,樟溪乡
361000000000,抚州市,361022000000,黎川县,361022206000,西城乡
361000000000,抚州市,361022000000,黎川县,361022207000,中田乡
361000000000,抚州市,361023000000,南丰县,361023100000,琴城镇
361000000000,抚州市,361023000000,南丰县,361023101000,太和镇
361000000000,抚州市,361023000000,南丰县,361023102000,白舍镇
361000000000,抚州市,361023000000,南丰县,361023103000,市山镇
361000000000,抚州市,361023000000,南丰县,361023104000,洽湾镇
361000000000,抚州市,361023000000,南丰县,361023105000,桑田镇
361000000000,抚州市,361023000000,南丰县,361023106000,紫霄镇
361000000000,抚州市,361023000000,南丰县,361023200000,三溪乡
361000000000,抚州市,361023000000,南丰县,361023201000,东坪乡
361000000000,抚州市,361023000000,南丰县,361023202000,莱溪乡
361000000000,抚州市,361023000000,南丰县,361023203000,太源乡
361000000000,抚州市,361023000000,南丰县,361023204000,傅坊乡
361000000000,抚州市,361024000000,崇仁县,361024100000,巴山镇
361000000000,抚州市,361024000000,崇仁县,361024101000,相山镇
361000000000,抚州市,361024000000,崇仁县,361024102000,航埠镇
361000000000,抚州市,361024000000,崇仁县,361024103000,孙坊镇
361000000000,抚州市,361024000000,崇仁县,361024104000,河上镇
361000000000,抚州市,361024000000,崇仁县,361024105000,礼陂镇
361000000000,抚州市,361024000000,崇仁县,361024106000,马鞍镇
361000000000,抚州市,361024000000,崇仁县,361024200000,石庄乡
361000000000,抚州市,361024000000,崇仁县,361024201000,六家桥乡
361000000000,抚州市,361024000000,崇仁县,361024202000,白鹭乡
361000000000,抚州市,361024000000,崇仁县,361024203000,三山乡
361000000000,抚州市,361024000000,崇仁县,361024204000,白陂乡
361000000000,抚州市,361024000000,崇仁县,361024205000,桃源乡
361000000000,抚州市,361024000000,崇仁县,361024206000,许坊乡
361000000000,抚州市,361024000000,崇仁县,361024207000,郭圩乡
361000000000,抚州市,361025000000,乐安县,361025100000,鳌溪镇
361000000000,抚州市,361025000000,乐安县,361025101000,公溪镇
361000000000,抚州市,361025000000,乐安县,361025102000,山砀镇
361000000000,抚州市,361025000000,乐安县,361025103000,龚坊镇
361000000000,抚州市,361025000000,乐安县,361025104000,戴坊镇
361000000000,抚州市,361025000000,乐安县,361025105000,牛田镇
361000000000,抚州市,361025000000,乐安县,361025106000,万崇镇
361000000000,抚州市,361025000000,乐安县,361025107000,增田镇
361000000000,抚州市,361025000000,乐安县,361025108000,招携镇
361000000000,抚州市,361025000000,乐安县,361025200000,湖溪乡
361000000000,抚州市,361025000000,乐安县,361025201000,罗陂乡
361000000000,抚州市,361025000000,乐安县,361025202000,湖坪乡
361000000000,抚州市,361025000000,乐安县,361025203000,南村乡
361000000000,抚州市,361025000000,乐安县,361025204000,谷岗乡
361000000000,抚州市,361025000000,乐安县,361025205000,金竹畲族乡
361000000000,抚州市,361025000000,乐安县,361025206000,大马头乡
361000000000,抚州市,361026000000,宜黄县,361026100000,凤冈镇
361000000000,抚州市,361026000000,宜黄县,361026101000,棠阴镇
361000000000,抚州市,361026000000,宜黄县,361026102000,黄陂镇
361000000000,抚州市,361026000000,宜黄县,361026103000,东陂镇
361000000000,抚州市,361026000000,宜黄县,361026104000,梨溪镇
361000000000,抚州市,361026000000,宜黄县,361026105000,二都镇
361000000000,抚州市,361026000000,宜黄县,361026106000,中港镇
361000000000,抚州市,361026000000,宜黄县,361026107000,桃陂镇
361000000000,抚州市,361026000000,宜黄县,361026201000,新丰乡
361000000000,抚州市,361026000000,宜黄县,361026202000,神岗乡
361000000000,抚州市,361026000000,宜黄县,361026203000,圳口乡
361000000000,抚州市,361026000000,宜黄县,361026204000,南源乡
361000000000,抚州市,361027000000,金溪县,361027100000,秀谷镇
361000000000,抚州市,361027000000,金溪县,361027101000,浒湾镇
361000000000,抚州市,361027000000,金溪县,361027102000,双塘镇
361000000000,抚州市,361027000000,金溪县,361027103000,何源镇
361000000000,抚州市,361027000000,金溪县,361027104000,合市镇
361000000000,抚州市,361027000000,金溪县,361027105000,琅琚镇
361000000000,抚州市,361027000000,金溪县,361027106000,左坊镇
361000000000,抚州市,361027000000,金溪县,361027107000,对桥镇
361000000000,抚州市,361027000000,金溪县,361027200000,黄通乡
361000000000,抚州市,361027000000,金溪县,361027202000,陆坊乡
361000000000,抚州市,361027000000,金溪县,361027203000,陈坊积乡
361000000000,抚州市,361027000000,金溪县,361027204000,琉璃乡
361000000000,抚州市,361027000000,金溪县,361027205000,石门乡
361000000000,抚州市,361028000000,资溪县,361028100000,鹤城镇
361000000000,抚州市,361028000000,资溪县,361028101000,马头山镇
361000000000,抚州市,361028000000,资溪县,361028102000,高阜镇
361000000000,抚州市,361028000000,资溪县,361028103000,嵩市镇
361000000000,抚州市,361028000000,资溪县,361028104000,乌石镇
361000000000,抚州市,361028000000,资溪县,361028200000,高田乡
361000000000,抚州市,361028000000,资溪县,361028201000,石峡乡
361000000000,抚州市,361029000000,东乡县,361029100000,孝岗镇
361000000000,抚州市,361029000000,东乡县,361029101000,小璜镇
361000000000,抚州市,361029000000,东乡县,361029102000,圩上桥镇
361000000000,抚州市,361029000000,东乡县,361029103000,马圩镇
361000000000,抚州市,361029000000,东乡县,361029104000,詹圩镇
361000000000,抚州市,361029000000,东乡县,361029105000,岗上积镇
361000000000,抚州市,361029000000,东乡县,361029106000,杨桥殿镇
361000000000,抚州市,361029000000,东乡县,361029107000,黎圩镇
361000000000,抚州市,361029000000,东乡县,361029108000,王桥镇
361000000000,抚州市,361029000000,东乡县,361029200000,珀玕乡
361000000000,抚州市,361029000000,东乡县,361029201000,邓家乡
361000000000,抚州市,361029000000,东乡县,361029202000,虎圩乡
361000000000,抚州市,361029000000,东乡县,361029203000,瑶圩乡
361000000000,抚州市,361030000000,广昌县,361030100000,盱江镇
361000000000,抚州市,361030000000,广昌县,361030101000,头陂镇
361000000000,抚州市,361030000000,广昌县,361030103000,赤水镇
361000000000,抚州市,361030000000,广昌县,361030104000,驿前镇
361000000000,抚州市,361030000000,广昌县,361030105000,甘竹镇
361000000000,抚州市,361030000000,广昌县,361030200000,千善乡
361000000000,抚州市,361030000000,广昌县,361030201000,水南圩乡
361000000000,抚州市,361030000000,广昌县,361030202000,长桥乡
361000000000,抚州市,361030000000,广昌县,361030203000,杨溪乡
361000000000,抚州市,361030000000,广昌县,361030204000,尖峰乡
361000000000,抚州市,361030000000,广昌县,361030205000,塘坊乡
361100000000,上饶市,361101000000,市辖区,,
361100000000,上饶市,361102000000,信州区,361102001000,水南街道办事处
361100000000,上饶市,361102000000,信州区,361102002000,东市街道办事处
361100000000,上饶市,361102000000,信州区,361102003000,西市街道办事处
361100000000,上饶市,361102000000,信州区,361102004000,北门街道办事处
361100000000,上饶市,361102000000,信州区,361102005000,茅家岭街道
361100000000,上饶市,361102000000,信州区,361102006000,灵溪街道办事处
361100000000,上饶市,361102000000,信州区,361102100000,沙溪镇
361100000000,上饶市,361102000000,信州区,361102102000,朝阳镇
361100000000,上饶市,361102000000,信州区,361102103000,秦峰镇
361100000000,上饶市,361103000000,广丰区,361103001000,永丰街道办事处
361100000000,上饶市,361103000000,广丰区,361103002000,芦林街道办事处
361100000000,上饶市,361103000000,广丰区,361103003000,丰溪街道办事处
361100000000,上饶市,361103000000,广丰区,361103101000,五都镇
361100000000,上饶市,361103000000,广丰区,361103102000,洋口镇
361100000000,上饶市,361103000000,广丰区,361103103000,横山镇
361100000000,上饶市,361103000000,广丰区,361103104000,桐畈镇
361100000000,上饶市,361103000000,广丰区,361103105000,湖丰镇
361100000000,上饶市,361103000000,广丰区,361103106000,大南镇
361100000000,上饶市,361103000000,广丰区,361103107000,排山镇
361100000000,上饶市,361103000000,广丰区,361103108000,毛村镇
361100000000,上饶市,361103000000,广丰区,361103109000,枧底镇
361100000000,上饶市,361103000000,广丰区,361103110000,泉波镇
361100000000,上饶市,361103000000,广丰区,361103111000,壶峤镇
361100000000,上饶市,361103000000,广丰区,361103112000,霞峰镇
361100000000,上饶市,361103000000,广丰区,361103113000,下溪镇
361100000000,上饶市,361103000000,广丰区,361103114000,吴村镇
361100000000,上饶市,361103000000,广丰区,361103115000,沙田镇
361100000000,上饶市,361103000000,广丰区,361103116000,铜钹山镇
361100000000,上饶市,361103000000,广丰区,361103200000,大石乡
361100000000,上饶市,361103000000,广丰区,361103202000,东阳乡
361100000000,上饶市,361103000000,广丰区,361103204000,嵩峰乡
361100000000,上饶市,361103000000,广丰区,361103206000,少阳乡
361100000000,上饶市,361121000000,上饶县,361121001000,旭日街道办事处
361100000000,上饶市,361121000000,上饶县,361121002000,罗桥街道办事处
361100000000,上饶市,361121000000,上饶县,361121003000,兴园街道办事处
361100000000,上饶市,361121000000,上饶县,361121101000,田墩镇
361100000000,上饶市,361121000000,上饶县,361121102000,上泸镇
361100000000,上饶市,361121000000,上饶县,361121103000,华坛山镇
361100000000,上饶市,361121000000,上饶县,361121104000,茶亭镇
361100000000,上饶市,361121000000,上饶县,361121105000,皂头镇
361100000000,上饶市,361121000000,上饶县,361121106000,四十八镇
361100000000,上饶市,361121000000,上饶县,361121107000,枫岭头镇
361100000000,上饶市,361121000000,上饶县,361121108000,煌固镇
361100000000,上饶市,361121000000,上饶县,361121109000,花厅镇
361100000000,上饶市,361121000000,上饶县,361121110000,五府山镇
361100000000,上饶市,361121000000,上饶县,361121111000,郑坊镇
361100000000,上饶市,361121000000,上饶县,361121200000,望仙乡
361100000000,上饶市,361121000000,上饶县,361121201000,石人乡
361100000000,上饶市,361121000000,上饶县,361121202000,清水乡
361100000000,上饶市,361121000000,上饶县,361121203000,石狮乡
361100000000,上饶市,361121000000,上饶县,361121204000,湖村乡
361100000000,上饶市,361121000000,上饶县,361121207000,尊桥乡
361100000000,上饶市,361121000000,上饶县,361121209000,应家乡
361100000000,上饶市,361121000000,上饶县,361121210000,黄沙岭乡
361100000000,上饶市,361121000000,上饶县,361121211000,铁山乡
361100000000,上饶市,361121000000,上饶县,361121290000,董团乡
361100000000,上饶市,361123000000,玉山县,361123001000,枫林办事处
361100000000,上饶市,361123000000,玉山县,361123100000,冰溪镇
361100000000,上饶市,361123000000,玉山县,361123101000,临湖镇
361100000000,上饶市,361123000000,玉山县,361123102000,必姆镇
361100000000,上饶市,361123000000,玉山县,361123103000,横街镇
361100000000,上饶市,361123000000,玉山县,361123104000,文成镇
361100000000,上饶市,361123000000,玉山县,361123105000,下镇镇
361100000000,上饶市,361123000000,玉山县,361123107000,岩瑞镇
361100000000,上饶市,361123000000,玉山县,361123108000,双明镇
361100000000,上饶市,361123000000,玉山县,361123109000,紫湖镇
361100000000,上饶市,361123000000,玉山县,361123110000,仙岩镇
361100000000,上饶市,361123000000,玉山县,361123111000,樟村镇
361100000000,上饶市,361123000000,玉山县,361123200000,南山乡
361100000000,上饶市,361123000000,玉山县,361123201000,怀玉乡
361100000000,上饶市,361123000000,玉山县,361123202000,下塘乡
361100000000,上饶市,361123000000,玉山县,361123203000,四股桥乡
361100000000,上饶市,361123000000,玉山县,361123204000,六都乡
361100000000,上饶市,361123000000,玉山县,361123290000,三清乡
361100000000,上饶市,361124000000,铅山县,361124100000,河口镇
361100000000,上饶市,361124000000,铅山县,361124101000,永平镇
361100000000,上饶市,361124000000,铅山县,361124102000,石塘镇
361100000000,上饶市,361124000000,铅山县,361124103000,鹅湖镇
361100000000,上饶市,361124000000,铅山县,361124105000,湖坊镇
361100000000,上饶市,361124000000,铅山县,361124106000,武夷山镇
361100000000,上饶市,361124000000,铅山县,361124108000,汪二镇
361100000000,上饶市,361124000000,铅山县,361124200000,陈坊乡
361100000000,上饶市,361124000000,铅山县,361124201000,虹桥乡
361100000000,上饶市,361124000000,铅山县,361124202000,新滩乡
361100000000,上饶市,361124000000,铅山县,361124203000,葛仙山乡
361100000000,上饶市,361124000000,铅山县,361124205000,稼轩乡
361100000000,上饶市,361124000000,铅山县,361124206000,英将乡
361100000000,上饶市,361124000000,铅山县,361124207000,紫溪乡
361100000000,上饶市,361124000000,铅山县,361124208000,太源畲族乡
361100000000,上饶市,361124000000,铅山县,361124209000,天柱山乡
361100000000,上饶市,361124000000,铅山县,361124210000,篁碧畲族乡
361100000000,上饶市,361125000000,横峰县,361125001000,兴安街道办事处
361100000000,上饶市,361125000000,横峰县,361125100000,岑阳镇
361100000000,上饶市,361125000000,横峰县,361125101000,葛源镇
361100000000,上饶市,361125000000,横峰县,361125200000,姚家乡
361100000000,上饶市,361125000000,横峰县,361125201000,莲荷乡
361100000000,上饶市,361125000000,横峰县,361125202000,司铺乡
361100000000,上饶市,361125000000,横峰县,361125203000,港边乡
361100000000,上饶市,361125000000,横峰县,361125204000,龙门畈乡
361100000000,上饶市,361125000000,横峰县,361125205000,青板乡
361100000000,上饶市,361126000000,弋阳县,361126001000,桃源街道办事处
361100000000,上饶市,361126000000,弋阳县,361126101000,曹溪镇
361100000000,上饶市,361126000000,弋阳县,361126102000,漆工镇
361100000000,上饶市,361126000000,弋阳县,361126103000,樟树墩镇
361100000000,上饶市,361126000000,弋阳县,361126104000,南岩镇
361100000000,上饶市,361126000000,弋阳县,361126105000,朱坑镇
361100000000,上饶市,361126000000,弋阳县,361126106000,圭峰镇
361100000000,上饶市,361126000000,弋阳县,361126107000,叠山镇
361100000000,上饶市,361126000000,弋阳县,361126108000,港口镇
361100000000,上饶市,361126000000,弋阳县,361126109000,弋江镇
361100000000,上饶市,361126000000,弋阳县,361126202000,中畈乡
361100000000,上饶市,361126000000,弋阳县,361126203000,葛溪乡
361100000000,上饶市,361126000000,弋阳县,361126204000,湾里乡
361100000000,上饶市,361126000000,弋阳县,361126206000,清湖乡
361100000000,上饶市,361126000000,弋阳县,361126207000,旭光乡
361100000000,上饶市,361127000000,余干县,361127100000,玉亭镇
361100000000,上饶市,361127000000,余干县,361127101000,瑞洪镇
361100000000,上饶市,361127000000,余干县,361127102000,黄金埠镇
361100000000,上饶市,361127000000,余干县,361127104000,古埠镇
361100000000,上饶市,361127000000,余干县,361127105000,乌泥镇
361100000000,上饶市,361127000000,余干县,361127106000,石口镇
361100000000,上饶市,361127000000,余干县,361127107000,杨埠镇
361100000000,上饶市,361127000000,余干县,361127108000,九龙镇
361100000000,上饶市,361127000000,余干县,361127109000,社赓镇
361100000000,上饶市,361127000000,余干县,361127200000,康山乡
361100000000,上饶市,361127000000,余干县,361127202000,东塘乡
361100000000,上饶市,361127000000,余干县,361127204000,大塘乡
361100000000,上饶市,361127000000,余干县,361127206000,鹭鸶港乡
361100000000,上饶市,361127000000,余干县,361127207000,三塘乡
361100000000,上饶市,361127000000,余干县,361127209000,洪家嘴乡
361100000000,上饶市,361127000000,余干县,361127210000,白马桥乡
361100000000,上饶市,361127000000,余干县,361127211000,江埠乡
361100000000,上饶市,361127000000,余干县,361127213000,枫港乡
361100000000,上饶市,361127000000,余干县,361127214000,大溪乡
361100000000,上饶市,361127000000,余干县,361127217000,梅港乡
361100000000,上饶市,361128000000,鄱阳县,361128001000,饶州街道办事处
361100000000,上饶市,361128000000,鄱阳县,361128100000,鄱阳镇
361100000000,上饶市,361128000000,鄱阳县,361128101000,谢家滩镇
361100000000,上饶市,361128000000,鄱阳县,361128102000,石门街镇
361100000000,上饶市,361128000000,鄱阳县,361128103000,四十里街镇
361100000000,上饶市,361128000000,鄱阳县,361128104000,油墩街镇
361100000000,上饶市,361128000000,鄱阳县,361128105000,田畈街镇
361100000000,上饶市,361128000000,鄱阳县,361128106000,金盘岭镇
361100000000,上饶市,361128000000,鄱阳县,361128107000,高家岭镇
361100000000,上饶市,361128000000,鄱阳县,361128108000,凰岗镇
361100000000,上饶市,361128000000,鄱阳县,361128109000,双港镇
361100000000,上饶市,361128000000,鄱阳县,361128110000,古县渡镇
361100000000,上饶市,361128000000,鄱阳县,361128111000,饶丰镇
361100000000,上饶市,361128000000,鄱阳县,361128112000,乐丰镇
361100000000,上饶市,361128000000,鄱阳县,361128113000,饶埠镇
361100000000,上饶市,361128000000,鄱阳县,361128201000,侯家岗乡
361100000000,上饶市,361128000000,鄱阳县,361128202000,莲花山乡
361100000000,上饶市,361128000000,鄱阳县,361128203000,响水滩乡
361100000000,上饶市,361128000000,鄱阳县,361128206000,枧田街乡
361100000000,上饶市,361128000000,鄱阳县,361128207000,柘港乡
361100000000,上饶市,361128000000,鄱阳县,361128208000,鸦鹊湖乡
361100000000,上饶市,361128000000,鄱阳县,361128209000,银宝湖乡
361100000000,上饶市,361128000000,鄱阳县,361128210000,游城乡
361100000000,上饶市,361128000000,鄱阳县,361128211000,珠湖乡
361100000000,上饶市,361128000000,鄱阳县,361128212000,白沙洲乡
361100000000,上饶市,361128000000,鄱阳县,361128213000,团林乡
361100000000,上饶市,361128000000,鄱阳县,361128215000,昌洲乡
361100000000,上饶市,361128000000,鄱阳县,361128216000,庙前乡
361100000000,上饶市,361128000000,鄱阳县,361128217000,莲湖乡
361100000000,上饶市,361128000000,鄱阳县,361128218000,芦田乡
361100000000,上饶市,361129000000,万年县,361129100000,陈营镇
361100000000,上饶市,361129000000,万年县,361129101000,石镇镇
361100000000,上饶市,361129000000,万年县,361129102000,青云镇
361100000000,上饶市,361129000000,万年县,361129103000,梓埠镇
361100000000,上饶市,361129000000,万年县,361129104000,大源镇
361100000000,上饶市,361129000000,万年县,361129105000,裴梅镇
361100000000,上饶市,361129000000,万年县,361129200000,湖云乡
361100000000,上饶市,361129000000,万年县,361129201000,齐埠乡
361100000000,上饶市,361129000000,万年县,361129203000,汪家乡
361100000000,上饶市,361129000000,万年县,361129205000,上坊乡
361100000000,上饶市,361129000000,万年县,361129206000,苏桥乡
361100000000,上饶市,361129000000,万年县,361129208000,珠田乡
361100000000,上饶市,361130000000,婺源县,361130001000,蚺城街道
361100000000,上饶市,361130000000,婺源县,361130100000,紫阳镇
361100000000,上饶市,361130000000,婺源县,361130101000,清华镇
361100000000,上饶市,361130000000,婺源县,361130102000,秋口镇
361100000000,上饶市,361130000000,婺源县,361130103000,江湾镇
361100000000,上饶市,361130000000,婺源县,361130104000,思口镇
361100000000,上饶市,361130000000,婺源县,361130106000,赋春镇
361100000000,上饶市,361130000000,婺源县,361130107000,镇头镇
361100000000,上饶市,361130000000,婺源县,361130109000,太白镇
361100000000,上饶市,361130000000,婺源县,361130110000,中云镇
361100000000,上饶市,361130000000,婺源县,361130111000,许村镇
361100000000,上饶市,361130000000,婺源县,361130200000,溪头乡
361100000000,上饶市,361130000000,婺源县,361130201000,段莘乡
361100000000,上饶市,361130000000,婺源县,361130204000,浙源乡
361100000000,上饶市,361130000000,婺源县,361130205000,沱川乡
361100000000,上饶市,361130000000,婺源县,361130206000,大鄣山乡
361100000000,上饶市,361130000000,婺源县,361130208000,珍珠山乡
361100000000,上饶市,361181000000,德兴市,361181001000,银城街道办事处
361100000000,上饶市,361181000000,德兴市,361181002000,新营街道办事处
361100000000,上饶市,361181000000,德兴市,361181003000,香屯街道办事处
361100000000,上饶市,361181000000,德兴市,361181103000,绕二镇
361100000000,上饶市,361181000000,德兴市,361181105000,海口镇
361100000000,上饶市,361181000000,德兴市,361181106000,新岗山镇
361100000000,上饶市,361181000000,德兴市,361181107000,泗洲镇
361100000000,上饶市,361181000000,德兴市,361181190000,花桥镇
361100000000,上饶市,361181000000,德兴市,361181200000,黄柏乡
361100000000,上饶市,361181000000,德兴市,361181201000,万村乡
361100000000,上饶市,361181000000,德兴市,361181202000,张村乡
361100000000,上饶市,361181000000,德兴市,361181203000,昄大乡
361100000000,上饶市,361181000000,德兴市,361181204000,李宅乡
361100000000,上饶市,361181000000,德兴市,361181205000,龙头山乡
